6745,6327,5180,1612,25206,18513,599,19656,20656,3508,6261,17407,9265,12906,18660,16448,12111,17438,24257,21286,7798,14608,4000,24256,4668,3458,3217,17874,11918,25122,1750,14346,9779,26689,17128,26787,27246,26412,24848,12846,12525,23938,27276,5958,24383,10921,18435,14349,5052,6011,13878,17351,7610,12472,7011,21238,16735,26687,26151,21781,15915,26518,14626,20000,6799,5105,2478,5715,5111,11137,26846,21693,19083,17480,3332,4351,8412,21679,26192,12235,4564,8871,23438,2312,9715,3406,14264,1429,12369,26934,26243,9131,4472,5218,23310,13048,6732,1658,24070,18994,epsilon
0,1,0,0,2,1,2,0,1,0,0,0,1,1,0,0,1,0,2,0,0,0,2,1,2,1,1,0,1,0,0,0,1,2,2,0,0,2,1,1,2,1,1,2,0,1,1,0,1,1,0,0,0,2,2,2,0,0,2,1,0,2,0,0,0,0,1,0,1,1,0,1,2,1,0,1,0,0,0,2,0,1,1,0,0,0,2,1,1,1,2,0,1,1,1,0,2,0,0,2,500
1,2,2,0,2,0,2,1,0,0,2,1,2,2,0,0,0,0,2,0,1,1,2,1,1,1,1,0,2,0,0,0,0,0,0,2,0,2,1,0,1,0,2,0,0,2,2,0,0,2,1,2,0,1,2,0,1,2,2,0,1,2,0,0,0,2,0,0,1,2,0,0,2,1,0,0,2,2,0,0,2,2,0,0,0,1,2,2,0,0,0,2,1,0,2,1,2,1,2,2,500
2,0,0,1,0,2,0,0,2,2,0,1,2,0,1,0,0,0,2,2,2,0,1,1,1,2,2,1,2,0,1,1,2,0,0,2,0,0,0,2,0,2,0,1,1,2,1,0,0,1,2,0,0,2,2,2,1,0,1,0,0,0,0,0,1,0,0,1,0,1,1,0,0,1,0,2,0,1,0,2,0,0,0,0,1,1,1,0,0,2,1,0,2,1,2,2,0,0,1,2,500
0,1,0,0,1,1,0,0,0,2,0,1,2,0,0,0,2,2,2,0,1,1,2,1,0,1,2,0,2,1,1,0,1,2,2,2,0,1,1,2,2,1,1,1,1,0,2,2,2,1,0,0,0,2,2,1,0,2,1,1,2,1,0,2,2,1,1,2,0,2,1,0,1,0,0,2,0,1,0,2,0,1,1,0,0,2,2,0,2,1,2,0,2,2,2,2,0,0,0,2,500
1,0,2,0,1,1,0,1,0,2,2,1,2,0,1,0,2,1,1,2,1,0,0,0,1,0,1,1,1,0,2,2,1,1,1,2,0,0,0,2,1,0,1,1,0,0,2,2,0,0,0,1,0,0,0,1,1,0,1,2,0,0,0,1,0,2,0,0,1,2,1,2,2,2,0,0,2,0,0,2,0,0,0,2,2,2,0,0,2,0,2,2,1,1,2,0,0,1,1,1,500
1,2,2,2,2,0,2,1,2,2,2,1,0,2,1,0,1,1,2,2,0,1,0,1,0,0,2,1,0,0,0,2,2,0,0,0,0,0,1,0,0,1,1,2,2,1,1,0,0,1,0,2,0,1,0,1,0,1,1,2,1,1,0,2,0,2,0,1,1,2,1,0,0,2,0,1,2,0,0,0,1,1,0,0,1,2,0,1,0,0,1,0,2,2,1,2,1,0,2,0,500
0,2,1,0,2,0,1,0,2,0,2,2,2,0,0,0,1,2,2,0,2,1,1,1,1,0,0,1,2,1,2,0,2,1,2,1,0,2,1,1,1,2,0,2,0,1,1,2,0,1,2,2,0,0,2,1,1,0,2,0,1,0,0,1,1,0,1,2,2,1,1,2,1,1,0,2,2,0,0,0,1,1,2,0,1,2,2,1,0,0,2,1,0,1,2,2,0,0,1,2,500
1,1,1,2,1,0,2,1,1,1,2,1,2,1,2,0,1,2,1,2,0,0,2,1,0,2,0,0,2,1,0,1,2,1,1,1,1,1,1,0,2,2,2,1,0,2,1,2,0,0,1,2,0,2,1,1,0,2,2,0,2,2,0,2,2,0,0,2,2,2,0,0,2,2,0,2,0,0,0,0,2,1,0,2,2,0,0,1,1,1,0,0,2,0,2,0,1,1,0,0,500
0,1,1,2,2,1,1,0,1,2,1,1,2,2,0,0,2,0,0,2,0,0,1,1,0,0,1,0,2,1,0,2,1,1,0,2,1,2,1,2,2,1,2,2,2,2,0,0,0,2,0,1,0,1,2,0,1,2,2,1,1,0,0,2,1,0,1,2,0,2,1,1,1,2,0,1,1,2,0,2,2,0,2,2,0,2,1,0,2,0,1,1,2,1,2,0,0,1,2,1,500
1,1,0,0,0,2,0,0,0,1,0,1,1,0,0,0,0,1,2,1,1,1,0,1,0,2,2,1,0,1,2,1,0,1,0,1,1,0,0,0,1,2,2,2,0,1,1,2,2,1,1,1,0,0,0,1,1,0,0,1,1,1,0,1,2,2,1,2,0,1,1,2,2,0,0,2,0,2,0,2,1,0,1,0,1,0,0,0,0,0,0,2,0,2,0,0,2,1,0,0,500
0,0,2,2,0,1,1,1,2,0,0,0,2,1,0,0,0,2,1,0,2,0,2,1,0,0,0,1,0,1,0,2,0,2,0,1,0,1,1,1,0,2,0,1,2,0,2,2,1,1,2,0,0,2,1,2,0,1,0,1,2,2,0,1,1,1,0,0,1,1,1,0,1,1,0,2,1,1,0,2,1,1,0,1,0,2,0,0,0,1,2,0,1,0,2,1,0,0,2,0,500
2,2,0,1,1,0,1,1,2,1,2,0,2,2,2,0,0,0,2,1,2,0,1,0,2,2,1,0,0,0,2,2,1,0,2,1,2,2,1,0,0,2,2,0,0,1,0,2,0,1,1,2,0,2,1,0,1,0,1,2,0,2,0,0,1,1,0,0,2,1,1,1,0,2,0,0,0,0,0,2,1,0,1,1,2,2,1,1,2,0,2,2,0,1,0,2,0,1,2,2,500
1,1,1,2,2,2,0,0,2,2,0,2,2,2,1,0,1,0,0,0,2,0,0,0,0,0,1,0,1,1,1,2,1,0,2,1,1,0,0,0,0,1,1,2,2,2,2,1,1,0,1,0,0,0,1,2,1,0,1,1,0,0,0,2,0,2,1,1,2,1,0,0,1,1,0,1,0,1,0,2,1,2,0,2,1,1,2,1,0,0,1,0,0,2,2,1,2,1,2,1,500
0,0,0,1,0,1,2,1,2,0,0,1,2,1,0,0,0,2,0,0,2,0,2,1,2,1,2,1,0,0,2,2,0,1,0,0,1,0,0,2,2,0,2,1,2,0,0,1,1,2,0,0,0,0,0,0,1,2,2,2,1,2,0,2,1,1,0,1,2,2,0,0,2,2,0,1,0,0,0,2,1,0,1,1,1,1,1,1,2,0,1,1,0,1,2,2,0,1,2,0,500
0,1,0,0,1,0,0,0,1,0,0,2,1,1,0,0,1,0,0,0,2,1,0,0,0,0,2,1,1,1,2,1,2,0,1,1,1,1,1,2,2,1,0,2,1,0,0,2,1,1,0,2,0,2,2,1,1,2,1,0,1,1,0,0,1,1,1,2,2,0,0,0,0,0,0,1,2,2,0,2,0,1,1,0,0,1,1,1,1,0,0,1,1,1,2,2,0,0,1,1,500
0,0,0,2,2,1,2,0,2,0,2,2,1,0,0,0,0,2,2,1,0,1,2,0,2,0,0,1,0,0,1,0,1,2,0,1,1,0,0,2,1,0,1,0,2,2,0,0,1,0,0,2,0,0,1,2,0,2,2,2,0,2,0,1,2,1,0,2,1,0,1,2,2,0,0,2,0,1,0,1,1,0,0,0,0,0,0,1,0,1,1,2,1,0,2,1,1,0,1,1,500
1,2,2,2,1,1,1,0,1,1,0,2,2,0,1,0,2,2,1,2,0,1,2,1,2,1,0,1,2,1,1,0,1,1,1,0,0,1,0,2,0,2,2,0,0,0,0,1,2,0,0,1,0,2,2,0,1,1,2,0,1,1,0,0,2,0,1,1,1,2,1,1,0,1,0,2,0,1,0,1,0,1,2,2,2,2,0,0,1,1,0,1,2,0,1,1,1,0,1,0,500
0,0,1,1,1,0,0,0,0,2,0,2,0,2,2,0,1,0,2,0,2,0,1,1,0,0,0,1,2,0,0,0,0,2,1,1,2,1,0,1,2,0,0,2,0,0,1,1,1,0,0,1,0,1,2,0,1,2,0,0,2,0,0,2,1,2,1,2,0,1,0,1,0,1,0,2,2,0,0,2,0,0,0,1,2,2,1,2,0,2,0,0,2,0,1,1,0,1,0,2,500
2,1,2,2,1,0,1,0,2,0,2,1,2,2,2,0,1,2,1,0,1,0,0,1,2,2,1,1,0,1,1,1,0,2,1,0,0,0,1,1,1,2,0,2,0,0,2,0,0,1,0,0,0,2,1,2,1,0,2,2,2,0,0,1,1,1,1,2,2,2,1,2,0,0,0,0,1,1,0,1,1,1,1,0,1,1,0,0,0,0,2,0,1,0,2,0,2,0,1,1,500
1,0,2,0,2,2,2,1,0,1,0,0,0,0,2,0,0,0,2,2,0,0,2,0,0,1,0,1,2,1,1,0,2,1,0,2,2,0,0,0,0,2,0,0,1,1,1,0,2,0,1,2,0,2,2,0,1,2,1,2,2,1,0,2,1,0,1,0,2,0,1,2,2,0,0,0,1,2,0,0,1,2,2,1,1,0,0,1,2,1,2,2,2,0,1,1,0,0,2,0,500
0,2,2,2,1,2,2,0,2,1,1,0,0,0,1,0,1,2,0,2,2,1,1,0,0,2,0,0,2,0,2,1,2,0,1,0,1,0,1,1,0,2,2,2,0,2,0,1,2,1,2,0,0,1,0,0,0,2,0,0,2,1,0,1,0,1,1,2,2,2,1,2,1,0,0,1,1,1,0,0,2,1,0,0,2,1,1,2,2,2,2,1,2,1,0,1,1,0,2,1,500
2,0,1,0,2,0,2,1,2,0,2,2,0,0,0,0,1,2,0,2,1,0,2,0,1,0,2,0,1,0,0,1,1,0,0,0,0,2,0,0,2,1,1,2,2,1,1,0,1,1,2,0,0,0,1,0,0,0,2,1,0,1,0,2,0,1,1,0,2,1,0,0,2,0,0,2,1,0,0,1,1,1,0,1,2,0,1,1,2,2,0,0,2,0,2,2,1,0,1,0,500
1,1,2,1,1,0,2,1,2,0,2,1,0,2,2,0,2,2,2,2,0,1,0,1,0,0,1,1,2,1,0,1,2,1,0,2,0,0,0,1,1,0,0,1,0,2,1,1,0,0,2,1,0,1,2,0,0,2,0,1,2,1,0,2,1,1,0,0,0,2,1,2,1,2,0,2,1,1,0,2,1,2,2,2,0,0,1,1,1,0,2,1,0,0,2,1,2,0,1,2,500
0,2,1,0,0,1,0,0,1,2,2,1,0,0,1,0,0,1,0,1,2,0,2,1,1,1,1,1,2,0,2,2,0,2,2,1,2,2,1,2,0,1,1,0,1,0,1,1,0,0,0,2,0,2,0,1,0,0,2,2,0,0,0,2,2,2,0,0,2,0,0,2,2,1,0,0,1,1,0,2,1,2,0,2,0,0,2,1,0,0,0,0,1,0,0,2,1,0,0,0,500
1,0,0,2,1,0,0,0,2,0,1,2,2,0,1,0,2,2,0,2,1,0,1,1,2,2,0,1,2,1,2,2,0,0,1,0,0,2,0,2,0,0,0,1,2,0,0,1,2,1,2,0,0,2,2,1,1,2,2,0,0,1,0,1,0,2,1,0,0,1,1,0,2,0,0,0,2,2,0,2,2,1,0,2,0,1,0,1,0,1,2,0,2,2,1,0,2,1,0,1,500
2,1,0,2,1,1,0,1,0,2,0,0,2,2,1,0,2,2,1,1,1,1,0,0,0,0,1,0,2,0,0,2,1,2,2,1,1,1,0,1,1,2,2,0,2,2,2,1,0,2,0,0,0,1,0,0,1,0,0,0,0,2,0,1,1,2,1,2,1,1,1,1,2,0,0,1,0,2,0,0,0,0,0,1,1,0,0,1,2,1,1,1,0,1,1,1,1,1,2,0,500
1,2,2,1,1,1,0,1,2,1,0,0,0,2,2,0,2,1,2,1,0,0,1,1,0,2,2,0,1,1,1,2,2,2,0,1,0,0,0,1,2,2,0,0,2,2,1,2,1,2,0,2,0,0,2,0,0,2,2,2,2,1,0,0,1,1,1,2,1,0,0,0,2,1,0,0,0,2,0,2,2,0,2,1,1,2,0,0,1,1,1,2,0,2,0,2,0,0,2,1,500
2,0,0,2,0,2,1,1,0,2,2,1,0,0,1,0,1,2,1,1,2,1,1,0,0,0,0,0,1,0,2,2,2,2,2,1,1,2,1,0,1,0,2,1,2,2,0,1,0,2,1,0,0,1,2,0,0,1,1,2,2,1,0,2,1,1,0,1,1,2,0,0,1,2,0,0,0,0,0,1,0,2,1,0,0,1,0,2,2,0,1,1,1,2,2,1,2,0,2,2,500
0,2,2,2,1,2,0,0,0,1,1,1,0,1,0,0,1,0,2,1,1,1,2,0,1,0,1,0,1,1,0,1,2,0,1,2,0,0,0,0,2,1,0,1,2,2,1,2,1,1,2,2,0,0,0,1,0,0,2,0,1,0,0,2,1,1,1,1,1,1,1,0,2,1,0,1,1,2,0,0,0,2,0,1,2,2,0,1,0,2,0,1,2,2,0,2,2,0,1,1,500
0,0,1,1,0,1,2,0,1,1,0,2,0,2,2,0,0,2,0,0,1,1,0,1,2,2,1,1,2,0,1,2,1,2,0,1,1,2,0,0,1,2,2,1,1,1,0,2,1,0,1,2,0,1,1,1,0,1,2,0,1,2,0,0,0,1,0,2,2,0,1,2,1,1,0,1,1,2,0,0,2,1,2,2,1,1,2,1,2,2,0,0,0,1,2,0,0,0,1,1,500
0,1,1,0,2,0,0,0,2,2,2,2,1,1,0,0,2,1,1,2,2,1,1,1,2,1,1,0,2,1,2,1,1,1,0,1,2,1,0,1,1,2,2,1,0,1,0,1,2,2,1,0,0,1,2,2,0,2,1,0,1,2,0,0,0,0,0,1,1,2,1,0,2,2,0,0,2,2,0,1,1,2,0,0,2,2,1,2,1,2,2,2,0,2,2,0,2,0,1,1,500
1,2,0,0,1,1,0,0,1,2,2,0,1,1,1,0,1,1,2,2,2,1,2,0,0,1,0,0,0,0,0,0,2,0,1,0,0,1,1,2,0,1,0,0,2,1,1,1,2,0,1,1,0,0,2,2,1,2,2,1,2,0,0,1,0,0,0,1,1,1,1,1,1,0,0,0,1,0,0,0,2,1,1,2,0,0,2,0,0,2,1,2,0,2,1,0,0,0,0,1,500
0,0,1,2,1,0,2,1,1,0,0,0,0,2,1,0,1,0,0,2,0,1,0,0,2,2,0,1,2,1,2,2,2,0,2,1,0,1,0,1,0,1,2,1,0,1,0,0,0,0,2,0,0,0,1,1,1,1,2,1,0,0,0,2,1,0,0,1,2,0,0,1,2,2,0,0,2,0,0,0,0,1,2,0,1,0,0,1,0,0,1,2,2,0,2,2,2,0,1,0,500
1,0,2,2,0,1,1,1,1,2,2,0,2,0,0,0,2,1,2,1,0,0,2,1,1,2,2,0,1,1,0,0,1,1,1,1,0,2,0,1,2,0,1,0,0,1,1,1,0,1,2,2,0,0,1,1,0,0,0,2,1,1,0,1,1,1,0,2,2,1,1,1,0,1,0,0,0,2,0,2,2,0,1,0,2,1,2,1,1,0,0,0,1,0,1,0,1,0,1,1,500
2,2,1,2,1,1,0,1,0,1,2,0,0,0,1,0,1,2,0,1,2,0,0,1,2,1,0,1,0,1,1,1,1,2,0,2,1,1,0,0,1,1,1,2,2,1,1,0,2,2,2,0,0,0,0,2,1,2,2,2,1,2,0,0,1,1,1,0,1,0,1,2,1,0,0,1,1,1,0,2,2,0,1,0,0,0,2,1,2,2,2,0,2,2,1,0,2,1,0,1,500
2,1,2,2,2,0,2,0,0,2,1,0,2,1,2,0,2,1,2,1,0,0,2,1,1,0,1,1,2,0,0,1,2,1,0,0,0,1,0,1,1,2,2,0,2,0,1,0,0,1,0,0,0,1,1,2,1,1,0,0,0,2,0,1,1,0,0,1,2,0,1,0,1,0,0,2,0,1,0,1,1,1,1,2,1,2,2,0,2,0,0,0,2,0,1,2,2,1,2,2,500
0,0,0,1,1,1,0,0,1,2,1,0,2,1,1,0,2,2,2,1,2,1,2,1,0,1,1,0,0,1,0,1,2,1,0,1,2,1,0,1,0,2,2,1,2,0,1,0,1,2,0,0,0,0,2,2,0,0,0,0,0,2,0,2,2,2,1,2,0,2,1,0,1,0,0,1,2,1,0,0,0,0,0,0,2,2,0,0,1,2,1,0,1,0,2,2,0,0,0,1,500
2,2,0,0,0,1,2,1,1,0,0,1,0,1,1,0,0,1,0,0,2,1,1,0,0,2,2,0,2,0,0,1,0,2,1,0,1,1,1,0,0,0,1,0,2,2,2,0,0,0,1,1,0,0,1,1,0,2,2,1,2,0,0,0,2,1,0,2,1,0,0,0,0,0,0,2,2,2,0,1,1,0,2,0,0,0,2,2,0,1,2,2,1,1,0,0,2,0,0,0,500
1,1,1,0,1,1,0,0,2,1,1,0,0,0,1,0,1,1,1,2,1,1,1,1,1,1,2,0,2,1,0,0,1,2,2,0,2,2,1,1,1,2,1,1,1,2,0,2,1,1,1,1,0,2,2,1,1,0,0,2,0,0,0,1,0,0,1,0,2,1,0,0,0,2,0,2,2,2,0,1,0,0,2,2,0,1,2,0,0,2,0,2,1,0,0,1,0,0,1,1,500
0,0,1,2,2,1,0,1,1,2,1,2,0,0,2,0,0,0,2,0,1,0,2,1,1,1,0,1,0,0,2,2,2,0,2,1,2,0,1,1,0,2,2,1,2,0,0,2,1,1,0,2,0,2,0,0,1,1,0,0,0,1,0,2,2,1,0,2,0,2,0,0,2,2,0,0,1,2,0,1,0,0,1,1,0,0,1,2,2,2,2,0,0,2,1,2,1,0,1,0,500
2,2,1,1,2,1,1,0,1,2,2,1,0,2,2,0,2,2,2,0,0,0,2,0,2,1,1,1,1,1,1,0,1,1,1,1,0,1,0,2,1,2,1,2,0,1,0,1,0,2,0,2,0,1,2,1,1,0,1,1,2,1,0,0,1,0,1,0,0,0,0,2,1,2,0,2,0,0,0,1,1,1,1,1,0,0,1,2,0,0,2,0,2,1,1,2,2,1,1,0,500
2,2,1,0,0,2,2,1,1,0,1,2,0,1,1,0,0,2,2,1,1,1,2,1,2,1,0,0,0,1,0,0,1,2,0,1,2,1,1,0,1,2,2,2,2,0,1,1,1,1,0,1,0,0,0,2,1,1,2,0,2,1,0,2,0,0,1,2,1,2,1,2,1,0,0,1,1,0,0,1,1,1,2,2,2,0,2,0,1,0,0,0,2,2,2,0,2,1,2,1,500
1,0,1,2,2,2,2,0,1,0,1,2,2,0,0,0,0,1,1,2,2,1,2,0,2,2,0,0,2,1,0,0,0,1,1,2,2,0,0,0,2,2,0,0,1,0,1,0,0,1,1,1,0,1,2,0,0,2,2,0,1,2,0,2,0,2,0,1,0,2,1,2,2,2,0,2,1,0,0,2,2,1,1,1,0,2,1,0,2,2,2,2,1,1,1,2,1,0,0,0,500
0,2,0,0,0,1,2,1,2,0,0,0,2,0,1,0,2,0,1,0,2,1,0,0,1,1,2,0,0,0,0,1,0,2,2,0,0,2,1,2,2,0,1,2,0,1,0,0,2,0,0,0,0,1,2,1,1,1,0,1,0,1,0,1,0,0,1,1,0,1,1,2,2,1,0,1,2,2,0,2,1,0,0,1,0,0,0,1,2,2,0,1,0,2,2,1,0,1,0,1,500
2,2,2,2,0,1,1,1,2,2,2,0,2,0,2,0,1,2,2,1,0,0,2,0,2,2,2,0,1,0,1,1,0,1,2,1,0,2,0,0,2,1,1,1,1,2,0,1,2,1,0,1,0,0,2,2,1,1,2,1,2,2,0,0,0,1,1,2,1,2,0,1,0,1,0,1,1,1,0,1,1,0,2,2,0,1,0,0,1,1,2,0,2,2,1,1,2,1,0,1,500
2,1,2,1,1,0,2,0,0,2,1,0,0,2,1,0,2,0,0,2,2,1,2,0,1,2,0,1,0,0,1,2,1,0,2,2,2,1,0,1,0,1,2,2,1,2,0,1,1,0,1,1,0,0,1,1,1,1,0,0,2,0,0,0,2,1,1,2,1,0,0,2,1,1,0,1,0,0,0,2,1,2,0,0,2,1,0,2,2,0,1,2,2,2,2,2,0,1,0,1,500
2,2,2,2,1,2,0,1,1,0,1,2,2,2,2,0,0,2,1,0,0,1,0,0,1,0,2,1,2,0,2,0,0,2,2,0,2,2,1,1,2,2,2,1,1,0,2,0,1,1,0,2,0,1,1,1,0,0,0,0,1,1,0,0,0,1,0,0,0,0,1,1,2,2,0,0,0,2,0,1,1,0,0,2,1,0,2,0,1,0,1,0,2,1,0,1,1,0,2,2,500
0,1,2,1,1,2,1,0,1,0,0,1,0,1,1,0,1,2,2,0,2,1,0,0,0,0,0,1,2,1,2,1,1,2,2,1,0,2,0,0,0,1,0,0,1,1,1,1,1,1,0,2,0,2,2,1,1,1,1,2,0,1,0,1,2,1,0,1,2,1,1,0,1,0,0,1,2,1,0,0,0,0,2,1,0,0,0,1,0,1,2,1,1,2,0,2,0,0,1,1,500
0,1,0,1,0,1,0,1,0,2,1,1,2,0,2,0,2,1,2,0,2,0,2,0,2,0,1,1,0,1,1,1,0,2,0,2,0,0,1,0,1,1,2,1,0,1,2,2,2,1,1,1,0,0,0,1,0,1,2,1,1,0,0,2,0,2,0,0,1,1,1,1,1,2,0,2,1,2,0,0,1,2,1,0,0,2,1,1,1,1,0,2,2,0,2,1,2,1,0,0,500
2,0,2,2,0,2,2,0,0,1,1,1,2,0,0,0,0,0,1,0,1,1,2,0,1,0,2,1,1,1,1,0,0,0,0,0,0,1,1,2,0,2,1,1,0,1,2,2,0,0,1,0,0,2,0,1,1,1,1,0,2,0,0,0,2,2,0,0,2,0,1,2,1,2,0,2,1,0,0,1,2,0,1,1,1,1,1,1,1,0,0,1,1,1,1,2,0,0,1,2,500
0,1,0,2,1,0,1,0,2,0,2,2,1,1,2,0,0,0,0,0,1,1,1,1,2,0,2,0,2,1,2,2,1,2,1,1,1,0,0,2,2,0,0,2,0,0,2,0,0,2,0,0,0,0,1,0,0,2,1,2,0,1,0,0,2,0,1,2,1,1,0,1,2,0,0,1,2,0,0,2,2,2,1,1,0,0,2,0,0,1,2,0,2,0,1,1,0,1,0,2,500
1,0,1,2,2,0,1,0,1,1,1,2,2,0,2,0,0,2,1,1,1,1,1,0,2,1,2,0,1,1,2,1,1,0,0,2,0,0,0,2,1,1,1,2,1,0,0,0,2,2,2,1,0,0,0,2,0,2,0,1,1,0,0,0,1,0,0,0,0,2,1,1,0,2,0,1,2,1,0,0,1,1,1,2,1,1,1,0,2,0,1,1,2,0,1,2,1,0,2,0,500
2,1,0,2,2,2,1,0,2,2,2,2,1,0,1,0,0,1,1,0,0,1,2,0,0,1,1,1,0,0,0,2,1,2,2,1,0,0,1,2,2,0,0,2,1,0,0,1,0,1,2,1,0,1,0,2,1,2,1,0,1,0,0,0,2,0,0,2,2,2,1,1,2,2,0,2,2,1,0,0,1,1,1,0,0,0,2,0,1,2,2,0,1,2,1,0,0,0,1,2,500
2,0,0,0,1,0,1,1,0,1,1,1,2,1,2,0,0,1,0,0,0,0,1,1,1,1,1,1,0,1,2,1,2,2,1,2,1,0,0,1,1,1,1,1,0,0,2,2,2,1,0,2,0,2,1,0,1,1,1,0,2,0,0,0,1,0,1,0,2,2,0,1,0,1,0,0,0,2,0,1,1,0,2,2,1,1,0,1,1,0,2,2,1,1,1,0,1,1,2,1,500
2,1,2,2,2,2,0,1,0,2,2,2,2,2,2,0,0,2,2,0,0,0,2,1,0,0,2,1,0,1,1,1,1,0,1,1,0,0,1,0,0,2,2,2,1,1,0,2,2,2,1,0,0,0,1,2,0,1,0,1,0,2,0,2,0,2,0,1,0,1,0,0,1,1,0,2,0,0,0,1,2,0,2,1,0,2,1,2,2,2,2,2,2,0,2,2,1,0,2,0,500
0,2,2,0,2,1,1,0,2,2,2,0,2,2,1,0,1,2,0,1,0,0,1,0,2,1,0,1,0,1,1,0,0,1,2,0,2,2,1,2,2,1,2,0,0,1,2,1,1,0,2,1,0,0,2,1,0,1,2,1,0,1,0,2,2,0,1,1,0,0,1,0,1,2,0,1,2,0,0,0,2,1,0,1,2,1,1,1,1,2,0,0,1,1,0,1,1,1,1,2,500
2,0,0,2,1,1,2,0,0,1,0,1,0,1,2,0,2,2,0,2,0,0,1,0,1,2,0,1,1,1,2,2,1,2,1,1,1,0,1,0,2,1,1,2,0,0,0,1,1,2,1,0,0,2,0,1,0,1,1,2,0,1,0,2,0,0,1,2,1,1,0,1,0,2,0,1,0,0,0,2,2,2,2,1,2,2,0,2,1,2,1,2,2,2,0,1,2,1,0,1,500
2,1,0,0,0,1,0,0,0,1,2,2,0,1,2,0,2,1,2,2,1,1,2,0,1,2,2,0,0,0,1,1,0,1,0,2,1,1,1,1,1,0,2,2,2,1,2,0,0,2,1,2,0,2,1,1,1,1,2,1,0,2,0,1,1,1,1,1,0,0,0,0,1,1,0,2,2,0,0,0,0,0,0,0,2,2,2,0,2,2,0,0,2,1,1,1,1,0,1,0,500
1,2,1,0,1,1,1,0,0,2,1,0,2,2,1,0,0,1,0,2,0,0,2,0,0,0,0,1,2,0,2,0,1,2,2,1,0,0,0,1,2,0,2,2,0,1,0,1,2,1,2,1,0,1,1,2,0,0,0,0,2,2,0,0,2,2,0,1,1,2,1,2,2,2,0,1,2,1,0,1,1,1,2,1,1,0,2,1,2,1,1,1,1,1,0,0,0,0,1,1,500
2,0,2,1,1,1,2,1,0,0,1,0,0,2,2,0,1,1,0,2,0,0,1,0,0,1,2,1,1,1,1,2,1,0,0,1,2,0,0,2,0,0,1,2,2,1,1,1,1,2,1,2,0,2,1,0,0,0,2,2,2,0,0,0,0,1,1,1,0,2,1,1,0,0,0,0,0,0,0,0,1,1,2,0,1,0,1,2,1,0,2,0,0,1,1,1,0,1,2,1,500
1,0,1,2,0,0,1,1,2,0,0,1,0,0,1,0,2,2,1,0,1,0,1,1,2,1,0,0,0,0,2,1,0,1,2,1,0,0,0,2,1,2,2,1,0,2,1,2,2,2,1,1,0,1,0,0,0,1,0,0,2,2,0,0,1,2,0,2,1,2,1,0,1,0,0,2,0,0,0,1,2,0,1,0,0,2,0,2,0,2,2,1,2,2,0,1,1,0,1,0,500
0,1,0,1,2,1,2,0,2,2,2,2,0,0,1,0,1,1,1,2,1,1,0,1,1,1,0,1,2,0,1,2,0,1,2,1,2,1,0,1,0,2,1,0,1,1,2,0,2,1,0,2,0,0,2,2,1,2,2,1,1,2,0,2,2,0,1,2,1,1,0,2,1,2,0,1,1,0,0,2,0,1,2,2,1,1,1,0,0,1,1,1,1,2,0,0,2,0,2,2,500
0,0,1,0,1,0,2,0,0,2,1,1,0,2,1,0,2,0,1,1,0,0,0,1,2,0,1,1,2,1,0,2,2,2,0,1,0,2,0,2,2,0,2,1,1,0,1,2,2,1,2,0,0,1,1,0,1,1,2,0,0,1,0,1,1,2,1,2,1,2,0,1,0,0,0,2,1,2,0,2,2,0,1,2,2,2,0,2,1,1,0,1,2,1,0,0,2,1,0,1,500
2,2,0,2,1,0,2,0,0,0,1,1,2,2,2,0,1,1,0,2,1,0,2,1,2,1,2,0,2,0,2,2,2,2,0,0,0,2,1,0,0,2,2,2,1,1,1,1,1,2,1,2,0,0,1,0,1,2,2,2,1,1,0,2,0,1,0,2,2,2,0,1,1,0,0,0,0,2,0,1,0,2,1,0,0,1,1,0,1,2,0,1,1,2,2,2,1,1,0,2,500
0,0,1,0,0,0,1,0,2,1,1,1,1,2,2,0,2,0,0,1,2,0,0,1,2,2,0,1,1,1,1,1,1,2,1,0,2,1,1,0,0,1,2,2,2,2,2,2,2,2,1,2,0,0,1,1,1,2,0,2,0,1,0,2,1,0,1,0,2,2,0,0,1,1,0,1,2,0,0,0,2,2,1,2,1,2,2,2,1,0,0,0,0,1,0,0,0,1,0,0,500
2,1,1,0,0,1,2,1,1,0,2,0,0,2,2,0,2,1,2,0,0,0,0,0,2,0,1,1,2,0,0,2,2,0,0,0,2,1,0,2,1,0,2,0,0,0,0,2,0,2,2,2,0,0,2,0,1,1,2,0,1,0,0,1,2,0,1,0,2,2,0,0,1,0,0,1,1,1,0,1,2,1,2,0,1,2,0,1,0,1,2,2,1,2,2,2,1,1,0,2,500
0,1,0,2,1,1,0,1,1,0,0,2,0,2,1,0,0,2,2,1,1,1,1,0,2,2,0,0,2,0,0,0,0,0,1,2,1,1,1,0,1,0,0,2,1,1,0,0,0,2,2,2,0,2,2,0,1,2,1,0,1,0,0,2,0,0,0,0,1,1,0,0,1,1,0,2,2,0,0,0,0,2,0,2,2,0,2,2,2,0,0,2,2,0,1,2,0,0,2,0,500
1,0,1,2,1,0,1,0,1,2,2,1,2,2,1,0,1,1,2,1,1,1,0,0,2,0,2,1,1,0,1,1,1,1,1,0,0,1,0,1,1,0,1,1,2,0,0,0,1,0,2,0,0,1,2,0,1,2,1,0,1,1,0,2,2,1,1,0,2,1,0,2,2,2,0,0,1,1,0,0,2,2,1,0,0,0,0,0,2,2,0,1,2,2,2,2,0,0,1,0,500
1,0,1,1,2,2,0,0,1,1,0,0,2,2,1,0,0,0,2,0,2,1,1,0,1,2,0,1,2,1,2,1,1,0,1,1,0,0,1,2,1,1,0,2,2,0,2,0,0,1,1,2,0,0,0,2,0,2,0,2,1,0,0,1,0,1,1,0,2,2,1,2,1,0,0,0,1,2,0,1,2,2,1,1,2,0,2,0,1,0,1,0,0,0,0,0,2,1,1,0,500
1,0,0,1,0,1,2,1,0,1,1,2,2,0,0,0,0,1,1,0,2,0,1,1,2,0,2,0,2,1,0,0,0,1,0,2,0,1,0,1,2,2,0,0,0,0,2,2,2,2,1,0,0,2,0,1,1,0,2,2,1,1,0,0,2,0,0,2,1,2,0,2,0,1,0,1,0,2,0,0,0,0,0,1,2,0,2,0,1,2,0,0,0,0,2,2,2,1,1,2,500
2,0,1,1,0,2,2,1,0,0,2,0,2,0,1,0,0,2,1,2,2,1,2,1,1,0,1,0,2,1,1,2,1,1,0,0,1,0,0,2,0,1,0,2,0,1,2,2,0,2,1,1,0,0,2,1,1,2,2,2,0,0,0,1,2,2,1,2,1,2,1,2,2,2,0,1,0,1,0,0,1,0,0,2,2,0,1,0,2,1,0,0,2,1,1,1,0,0,2,1,500
2,2,1,2,2,0,2,1,2,2,1,2,1,1,0,0,0,1,2,2,1,1,0,1,0,1,1,1,0,0,0,1,2,2,2,1,2,1,1,0,2,2,1,2,0,0,0,1,1,0,0,0,0,2,1,1,1,0,2,2,0,2,0,0,1,1,0,1,1,0,1,2,1,2,0,1,2,2,0,2,1,2,1,1,2,1,2,0,0,0,0,2,2,0,2,2,2,1,0,0,500
0,1,0,2,0,2,2,1,2,0,0,1,1,0,2,0,2,0,0,0,1,1,0,1,0,1,0,1,0,1,1,1,1,1,2,0,2,1,1,0,0,2,2,2,0,0,2,0,1,2,2,1,0,1,2,0,1,0,0,1,0,1,0,0,2,2,1,1,0,0,0,0,1,1,0,1,0,0,0,0,1,2,0,2,1,0,1,0,1,2,2,0,2,2,0,2,2,1,1,2,500
0,2,1,0,1,1,1,0,1,0,2,2,1,1,2,0,0,0,1,1,0,0,1,1,1,2,0,1,0,0,1,0,0,2,2,0,0,1,0,1,1,2,2,2,0,0,2,1,0,0,0,0,0,2,0,1,1,2,2,2,1,0,0,1,0,2,0,0,1,2,1,0,1,1,0,0,2,1,0,0,1,1,2,0,2,0,0,1,0,2,2,2,1,0,1,1,1,1,0,2,500
1,1,0,1,0,0,2,1,2,1,2,1,2,1,2,0,0,0,1,2,0,0,1,1,1,0,0,1,0,1,0,1,1,2,2,2,2,1,0,1,2,1,2,2,0,0,1,1,0,2,2,0,0,2,2,2,1,2,1,0,2,1,0,0,0,2,0,2,1,0,0,2,2,1,0,1,1,1,0,1,2,2,1,1,2,1,1,0,0,0,1,2,1,2,1,1,0,0,1,0,500
1,1,1,1,0,2,0,1,2,1,0,0,1,0,2,0,0,1,0,2,1,0,2,1,0,2,2,1,0,0,1,2,2,0,0,0,0,0,1,0,2,0,1,1,0,1,1,0,0,0,2,0,0,1,1,1,0,1,0,2,2,0,0,0,0,1,0,0,2,0,0,2,0,0,0,2,2,0,0,2,2,1,2,1,1,1,0,1,1,0,2,0,1,1,2,0,1,1,1,0,500
0,1,0,2,0,2,2,1,2,1,0,0,1,1,2,0,0,2,0,2,0,1,1,1,1,1,0,0,0,0,1,1,0,2,0,1,1,1,0,0,1,2,0,2,0,1,2,0,2,2,0,0,0,1,1,2,1,0,1,1,0,0,0,1,1,0,0,1,2,1,1,1,2,0,0,2,2,1,0,1,1,1,2,1,0,0,2,2,1,2,2,1,0,0,0,0,1,1,0,0,500
0,2,1,2,0,0,1,0,1,1,0,1,1,1,0,0,2,0,0,2,2,0,0,1,0,2,1,1,0,0,2,1,2,2,0,1,0,1,0,2,2,1,0,0,2,2,0,2,2,1,0,2,0,2,2,1,1,1,2,2,0,0,0,1,1,2,0,1,0,2,1,0,0,1,0,2,2,1,0,1,0,1,0,1,0,2,2,0,0,0,2,0,0,2,1,0,1,0,2,1,500
1,1,0,2,0,1,1,0,2,1,1,1,2,0,0,0,0,0,1,1,2,1,2,0,2,0,1,1,2,1,0,1,2,2,1,1,2,2,1,0,0,0,2,1,0,1,2,0,1,0,0,0,0,0,0,1,0,0,1,0,2,1,0,0,0,1,1,2,2,2,0,2,2,0,0,1,2,1,0,1,2,1,2,1,2,1,1,0,1,2,0,2,2,2,0,0,0,0,2,0,500
1,1,1,1,0,2,0,1,0,1,1,0,2,1,1,0,2,2,2,0,2,1,0,1,0,0,1,1,2,0,0,2,2,2,1,2,2,2,0,2,0,0,0,2,0,0,2,2,1,1,2,0,0,1,1,2,1,1,2,1,0,2,0,2,1,2,1,1,1,2,1,1,2,0,0,2,0,2,0,0,2,2,1,0,2,1,2,0,1,2,1,0,0,2,2,2,1,0,0,0,500
1,2,2,0,2,2,0,0,2,1,2,0,0,0,2,0,0,1,1,1,0,0,2,0,1,2,0,0,0,0,1,0,0,1,1,2,1,1,0,2,2,1,2,1,0,2,2,0,2,2,2,1,0,0,1,0,0,0,0,0,1,0,0,0,1,1,1,2,1,0,1,1,2,0,0,1,2,1,0,1,0,2,0,1,1,1,0,2,2,1,2,1,2,2,0,0,1,0,1,2,500
2,1,1,1,2,2,1,1,2,2,0,2,0,0,1,0,0,1,0,1,2,0,2,1,0,1,0,0,0,0,2,0,1,2,1,2,1,1,1,1,1,0,2,0,0,0,2,1,2,1,0,0,0,1,1,0,0,2,1,0,0,0,0,1,2,0,0,1,1,0,1,1,1,0,0,2,2,1,0,1,2,2,1,0,0,2,2,2,1,0,1,1,2,1,2,2,0,1,0,2,500
2,0,0,1,2,2,0,0,2,1,1,2,2,2,0,0,2,2,0,2,2,0,2,1,1,1,2,1,0,1,1,1,1,1,0,0,1,1,1,2,1,0,1,2,1,0,0,1,0,2,1,0,0,1,1,1,1,0,1,2,2,2,0,0,2,1,0,0,2,2,1,0,0,1,0,2,0,0,0,0,2,0,1,1,0,2,2,2,0,1,2,0,1,0,1,1,1,1,1,0,500
2,2,2,0,1,1,1,1,1,1,0,0,2,1,1,0,2,0,2,2,2,1,2,1,2,0,1,0,0,0,2,2,0,1,0,1,1,1,1,0,0,2,0,1,0,0,1,2,2,1,1,2,0,1,0,0,1,1,1,2,2,0,0,1,0,0,1,2,2,2,0,0,2,2,0,1,0,2,0,0,0,0,0,0,2,1,1,1,0,2,1,1,1,2,2,1,1,0,0,0,500
0,0,0,1,0,2,0,0,0,0,0,0,2,2,0,0,1,2,2,1,2,1,0,1,0,0,1,1,0,1,0,2,2,1,1,2,1,0,0,1,2,2,1,0,1,0,2,1,1,2,0,0,0,2,2,0,0,2,2,1,0,0,0,2,2,0,0,1,2,0,1,1,2,2,0,0,0,0,0,1,2,1,0,0,2,1,2,0,0,2,1,1,2,0,2,0,1,1,2,2,500
0,2,1,2,1,2,2,0,0,2,2,2,2,1,2,0,0,0,0,0,2,1,1,1,1,1,1,1,2,1,0,0,0,2,0,0,1,1,0,1,2,2,1,2,0,2,0,0,1,2,1,1,0,1,0,2,0,0,0,2,1,0,0,2,2,2,0,0,1,2,1,0,1,2,0,1,0,2,0,1,1,2,1,1,2,1,1,2,1,0,0,2,2,1,2,2,2,0,2,1,500
2,2,1,1,0,2,2,1,2,2,1,0,1,0,0,0,2,2,0,2,1,0,2,0,1,0,0,1,2,0,1,0,1,1,0,1,1,0,0,0,1,2,0,0,1,0,2,1,1,0,1,1,0,2,1,1,1,0,0,1,2,1,0,1,2,0,1,2,0,0,0,2,1,2,0,2,1,1,0,0,1,0,0,1,0,2,0,0,0,2,2,1,0,2,1,2,2,1,2,0,500
0,0,0,0,1,1,2,0,2,2,1,0,1,0,2,0,0,2,0,1,2,0,1,1,2,1,0,1,1,0,1,1,1,2,2,1,1,2,1,0,0,0,1,2,1,2,0,1,0,2,1,0,0,1,2,0,0,1,2,0,0,2,0,2,0,0,1,1,1,0,1,0,0,1,0,2,0,0,0,1,0,0,0,2,2,0,1,0,0,1,2,0,2,2,0,1,0,1,2,1,500
0,0,0,0,1,2,0,1,2,2,0,1,0,1,1,0,1,1,1,0,1,0,2,1,1,2,2,0,1,1,2,1,1,0,1,2,0,0,0,2,1,0,1,1,2,0,0,2,0,0,0,1,0,2,0,0,1,2,2,2,0,0,0,0,0,1,1,1,0,0,0,1,1,1,0,2,2,2,0,2,1,0,2,0,0,1,0,2,2,0,0,0,2,2,2,1,1,0,0,0,500
2,2,2,1,0,2,0,0,2,2,0,2,2,2,1,0,0,1,2,2,1,0,1,1,1,2,1,1,0,1,1,1,1,0,1,2,2,1,0,0,0,1,2,1,1,2,0,2,2,2,1,1,0,2,0,0,0,2,2,0,2,0,0,1,1,0,1,1,0,0,0,2,1,1,0,1,1,0,0,1,0,1,0,0,2,0,1,0,1,0,1,0,1,0,0,1,2,0,2,1,500
0,2,2,2,2,2,1,0,2,1,0,0,1,2,1,0,1,0,2,0,1,0,2,0,1,1,1,0,0,1,1,1,2,2,0,1,2,0,0,1,1,1,2,1,2,0,0,2,1,1,1,1,0,1,0,2,1,0,1,1,1,0,0,2,1,2,0,2,0,2,0,2,1,1,0,1,2,2,0,0,1,0,1,1,2,1,1,2,2,2,0,0,1,2,1,2,2,0,2,1,500
1,1,1,2,2,0,0,1,2,0,1,1,0,1,0,0,2,2,2,1,0,1,1,0,1,0,1,1,0,1,1,2,2,0,1,2,0,0,1,2,1,0,2,1,2,1,0,1,0,2,2,1,0,2,1,0,0,0,1,1,2,0,0,0,1,2,0,2,2,0,1,2,1,2,0,2,1,0,0,2,1,2,0,2,2,1,2,0,2,1,0,1,2,1,0,0,0,1,1,1,500
2,0,1,1,0,1,2,0,1,1,2,2,2,2,2,0,2,2,0,0,1,1,1,0,1,0,2,0,0,1,1,2,1,1,1,2,2,2,1,1,0,0,1,2,0,2,0,1,2,0,1,1,0,1,1,1,0,1,0,0,0,1,0,2,1,0,1,0,2,2,0,1,2,2,0,2,2,0,0,2,1,0,0,2,1,2,2,1,0,0,1,2,0,2,0,0,0,1,2,1,500
0,0,1,2,0,2,1,0,2,2,1,0,2,2,1,0,0,1,2,0,1,0,0,1,0,0,0,1,2,0,1,1,0,2,0,0,0,2,0,1,0,2,1,0,2,1,2,0,2,1,2,0,0,1,0,1,0,1,2,0,1,2,0,2,1,1,0,0,0,0,0,0,1,1,0,2,1,2,0,2,1,0,2,1,2,2,2,2,1,1,0,2,1,2,0,2,0,1,0,1,500
2,2,2,2,2,0,2,0,1,2,0,0,0,2,0,0,1,2,1,1,1,0,1,0,2,1,2,1,0,1,2,2,1,2,2,2,0,0,0,2,1,0,0,0,1,1,0,2,0,0,1,0,0,0,1,1,1,0,2,1,0,1,0,2,0,1,1,1,2,2,1,2,1,0,0,0,2,2,0,1,1,0,1,2,2,0,1,1,0,1,1,0,1,1,2,2,1,1,1,0,500
1,2,2,2,0,1,1,0,2,0,2,0,1,0,2,0,0,1,0,1,2,0,1,0,1,0,0,1,2,1,0,0,0,1,1,0,0,2,1,2,0,2,2,1,2,0,0,2,1,2,2,0,0,2,2,1,0,2,1,2,2,2,0,1,2,1,0,2,1,0,0,2,2,2,0,0,2,1,0,1,1,2,2,2,1,1,1,2,1,1,0,1,1,2,2,2,2,1,0,0,500
0,1,2,2,1,0,2,1,0,0,1,1,2,1,0,0,0,1,0,0,2,1,1,0,0,1,0,1,0,0,0,1,2,1,0,2,1,1,0,2,1,0,1,2,2,2,2,0,1,0,2,0,0,1,0,2,1,0,1,1,2,0,0,2,0,2,1,0,0,1,1,1,0,0,0,1,0,0,0,2,1,0,0,0,2,0,1,1,2,1,1,0,1,2,0,2,1,0,1,0,500
1,2,2,1,0,2,0,1,1,2,1,0,0,0,0,0,1,2,0,2,2,1,1,1,2,1,1,0,2,1,2,1,0,2,1,2,2,2,0,1,1,1,1,1,2,0,1,0,0,2,1,2,0,1,1,1,1,1,1,2,0,1,0,2,0,0,0,2,2,2,1,1,1,0,0,2,1,1,0,1,1,0,1,2,1,2,1,0,2,0,1,0,1,2,1,1,1,1,2,1,500
2,1,2,2,0,1,2,1,0,2,2,0,2,1,2,0,0,2,2,0,2,0,2,1,2,0,2,0,0,1,2,2,1,2,0,1,1,0,0,0,1,0,2,0,1,2,1,1,2,2,0,2,0,2,1,0,0,2,2,2,2,1,0,2,0,2,1,0,0,1,1,0,2,2,0,2,0,0,0,0,0,1,1,2,2,0,2,1,1,1,1,0,1,0,1,2,1,0,0,1,500
2,0,0,1,1,0,2,1,0,2,2,0,0,1,1,0,0,2,2,2,1,0,0,1,1,1,0,0,0,1,0,2,2,1,0,1,1,1,1,1,1,1,1,1,1,0,1,2,0,2,2,1,0,0,2,1,0,1,1,1,1,0,0,1,2,2,0,2,0,0,0,0,2,1,0,1,2,0,0,2,1,2,2,0,1,1,1,1,0,1,0,2,2,0,1,1,2,1,0,0,500
2,0,1,0,1,2,2,0,1,0,0,2,0,2,2,0,2,0,1,2,0,1,2,0,0,0,1,1,2,1,1,2,0,1,0,2,1,2,0,0,1,0,0,0,1,2,0,1,1,1,2,1,0,1,0,0,1,2,0,1,0,0,0,1,2,2,0,0,0,1,1,2,1,2,0,2,1,0,0,0,1,1,0,2,2,1,0,0,2,2,0,0,0,0,0,0,1,0,1,1,500
1,0,0,0,1,1,0,1,2,2,2,2,1,0,0,0,2,2,1,2,2,0,1,0,2,2,1,1,0,1,1,0,0,2,1,1,0,0,1,0,0,0,1,0,2,1,0,1,0,2,0,0,0,0,0,1,0,2,1,1,1,2,0,0,2,0,0,0,0,1,1,2,1,1,0,1,2,1,0,0,1,2,0,2,1,2,0,1,1,0,2,0,1,2,0,1,1,0,1,1,500
0,2,0,1,0,2,0,0,0,2,0,1,1,1,0,0,1,2,2,0,2,0,1,1,1,1,1,1,2,0,1,2,2,0,1,0,0,1,1,0,2,2,0,0,0,1,2,1,1,2,1,0,0,2,2,0,1,0,2,1,1,1,0,1,1,2,0,0,0,1,0,1,1,0,0,0,1,2,0,0,2,1,0,0,1,2,1,1,2,1,2,0,1,0,0,2,1,0,1,0,500
2,2,1,2,0,2,0,1,0,2,2,0,1,2,1,0,2,2,2,0,0,0,2,1,1,1,1,0,0,1,0,1,2,1,0,0,2,2,1,2,2,1,2,0,1,1,0,0,2,2,1,0,0,2,0,1,1,1,2,2,0,0,0,0,1,1,0,0,2,1,0,1,2,1,0,2,2,2,0,0,1,1,2,0,0,0,0,0,2,1,0,2,2,1,2,1,2,1,2,1,500
2,0,1,1,2,1,0,0,2,0,2,2,1,1,1,0,1,0,2,2,0,0,2,1,2,0,2,1,0,0,0,2,1,1,2,1,0,2,1,0,0,0,1,1,1,2,1,2,1,0,0,1,0,2,1,0,0,2,2,1,2,1,0,0,1,1,1,0,1,2,0,0,0,2,0,0,0,0,0,2,1,1,1,1,1,2,2,0,2,0,1,0,1,2,0,2,1,1,1,2,500
2,1,2,0,1,1,1,1,0,1,2,1,2,0,0,0,2,0,0,2,1,1,1,1,0,2,2,1,0,0,1,2,0,1,0,0,1,2,1,0,0,1,0,2,2,2,1,0,0,0,0,1,0,1,1,0,1,1,1,2,2,0,0,2,1,0,1,1,0,1,0,2,1,2,0,1,1,1,0,2,0,1,1,0,2,2,2,2,2,1,0,2,2,1,1,1,0,0,1,0,500
1,1,0,0,2,2,2,1,0,1,0,0,2,0,1,0,0,1,1,0,0,1,1,0,0,0,2,1,0,1,1,2,1,0,0,1,1,1,0,0,2,2,0,0,0,1,0,0,0,0,2,0,0,2,1,2,1,0,1,1,0,0,0,1,2,2,1,2,2,1,1,2,0,0,0,2,2,1,0,0,0,1,2,0,2,2,2,0,2,0,1,1,0,1,0,2,1,0,1,0,500
1,1,2,2,2,0,2,0,0,1,1,1,1,2,0,0,0,0,0,2,2,1,1,1,2,2,0,1,0,0,0,0,1,2,1,2,1,0,1,1,1,2,2,1,1,0,1,0,0,2,2,1,0,2,0,2,1,0,2,0,1,1,0,2,1,2,1,0,2,2,1,0,2,1,0,2,1,1,0,1,1,1,0,1,0,1,2,0,1,2,0,0,2,1,0,2,1,1,2,1,500
0,0,1,2,2,1,0,0,0,2,2,2,1,1,1,0,1,1,2,1,0,1,2,1,2,2,2,1,2,0,2,1,2,2,1,1,0,0,0,0,1,2,2,1,0,1,2,0,0,0,2,1,0,2,0,2,1,1,0,2,0,1,0,0,0,0,1,0,0,1,1,1,0,1,0,0,1,0,0,2,2,1,1,1,1,0,2,1,1,2,2,0,1,0,1,2,2,0,2,0,500
1,1,1,2,0,2,0,1,0,2,1,1,2,1,2,0,1,1,0,1,1,1,2,0,2,2,1,1,1,0,2,0,0,2,0,1,2,0,0,2,1,1,2,2,0,0,1,0,2,1,0,2,0,2,0,2,0,0,1,2,1,1,0,0,1,0,0,1,2,1,1,0,1,1,0,1,2,1,0,0,1,1,2,0,2,0,1,1,0,2,0,1,2,1,2,0,0,0,2,2,500
0,1,0,1,0,1,0,1,2,2,0,1,2,2,1,0,0,2,0,1,2,0,0,0,0,0,0,0,1,0,1,1,0,1,2,1,0,1,0,0,0,1,0,2,1,0,2,2,1,1,0,1,0,0,1,1,0,1,0,0,0,2,0,1,2,0,0,0,1,1,0,1,0,1,0,0,0,1,0,0,0,2,1,0,1,0,2,0,2,2,0,1,0,0,1,2,2,1,2,2,500
1,1,1,2,1,0,0,0,1,1,1,1,2,1,0,0,0,2,1,1,1,1,2,1,0,0,1,0,0,1,0,2,0,2,0,1,1,1,1,1,0,2,2,1,0,1,2,1,1,2,2,0,0,2,1,0,1,1,1,0,0,2,0,1,0,0,1,0,0,0,0,2,0,0,0,0,1,1,0,1,0,1,1,1,1,1,2,0,1,0,0,2,0,2,1,2,1,1,2,1,500
0,0,2,1,0,1,0,1,1,1,1,0,0,1,2,0,1,2,0,2,1,1,2,1,1,2,2,0,2,1,0,0,2,1,0,2,2,2,0,2,1,0,0,1,1,2,1,2,0,2,1,2,0,1,0,2,1,0,0,1,1,2,0,2,0,0,1,0,2,0,0,1,0,0,0,2,1,0,0,1,0,2,2,0,1,0,2,2,2,0,0,2,1,2,2,2,1,1,1,0,500
1,0,0,0,2,0,2,1,0,0,0,2,2,0,2,0,1,2,2,0,0,0,1,0,1,1,0,1,1,0,2,1,2,0,1,0,2,1,1,2,1,0,1,0,2,2,2,2,2,0,1,0,0,2,1,1,0,1,0,2,2,1,0,0,1,2,0,0,0,0,0,1,2,1,0,2,1,1,0,0,1,2,2,0,2,0,0,0,1,1,2,2,2,0,2,2,2,1,2,1,500
0,1,0,1,0,2,1,1,0,0,1,2,0,2,0,0,2,1,2,0,2,0,0,0,1,0,2,1,1,0,0,0,1,1,0,0,0,1,0,0,1,0,2,1,0,1,0,1,2,0,1,2,0,2,2,2,1,2,1,2,0,2,0,2,0,0,1,2,2,0,0,1,0,0,0,2,0,0,0,1,0,2,0,2,0,1,2,0,2,1,2,2,2,1,1,1,0,1,0,2,500
0,2,2,1,0,2,1,0,0,0,2,2,0,2,2,0,0,0,1,2,0,1,1,0,2,1,1,0,2,1,0,0,2,0,2,0,0,0,0,2,1,2,1,2,2,0,0,0,0,2,0,0,0,1,1,0,0,2,1,0,2,0,0,2,1,0,0,2,0,2,0,1,0,2,0,1,1,0,0,2,1,0,1,1,1,2,1,0,2,2,1,1,2,1,0,2,2,0,0,0,500
1,0,0,1,0,0,0,1,0,2,0,2,1,1,2,0,0,1,0,0,2,0,2,0,2,1,1,1,1,1,2,0,0,1,0,2,1,0,1,0,0,0,1,1,1,1,0,2,0,2,2,2,0,2,1,0,1,2,1,0,2,1,0,0,0,2,1,1,2,0,1,0,2,1,0,1,2,0,0,2,0,0,2,2,0,0,0,2,1,0,0,2,2,2,0,1,1,1,1,2,500
2,1,1,2,0,2,1,1,1,0,2,2,0,1,1,0,0,1,2,1,0,1,1,0,2,0,0,1,1,0,2,0,2,2,0,2,2,2,0,1,0,2,1,0,1,2,2,2,2,2,0,0,0,2,2,0,0,2,0,0,0,2,0,1,2,0,0,2,1,1,0,1,0,1,0,0,1,1,0,1,0,1,1,1,0,2,2,0,1,2,0,2,2,1,0,2,1,1,0,2,500
1,2,0,0,1,1,2,1,0,1,1,0,2,0,0,0,2,0,2,1,0,1,0,0,2,0,0,1,0,0,1,1,2,0,2,2,2,2,0,2,2,2,0,2,1,2,2,2,0,0,2,2,0,0,0,2,0,2,1,0,0,2,0,0,2,0,0,2,1,1,0,1,1,0,0,0,0,0,0,1,0,0,2,2,1,2,1,2,0,0,1,0,2,0,2,0,1,1,2,0,500
0,0,2,2,1,2,0,1,1,1,0,1,2,0,1,0,0,0,1,2,2,1,2,1,1,2,2,0,2,0,1,2,0,1,2,2,0,2,1,2,1,1,0,2,0,2,2,1,2,2,1,2,0,1,1,1,1,1,1,1,1,0,0,2,1,1,1,1,1,2,1,0,0,1,0,0,0,0,0,2,0,0,2,0,2,0,2,0,0,0,0,1,2,0,2,1,2,0,2,1,500
0,0,2,1,2,2,1,1,1,0,0,2,0,1,2,0,0,0,0,1,0,1,0,1,0,0,1,1,0,0,2,0,2,1,2,2,0,0,0,2,0,2,0,1,1,0,2,1,1,0,0,2,0,0,1,1,0,2,1,1,0,1,0,0,0,2,0,1,0,1,0,1,2,0,0,2,1,2,0,1,0,2,2,2,0,1,1,0,1,0,1,2,1,0,2,2,0,0,2,2,500
0,1,0,2,2,2,2,1,2,0,0,0,0,0,0,0,0,1,0,0,2,0,2,0,1,0,2,1,1,0,0,1,0,1,2,0,2,0,0,1,1,0,1,0,2,2,1,0,1,0,2,0,0,2,0,2,1,1,2,2,2,2,0,0,0,2,1,1,1,1,0,0,0,1,0,2,1,2,0,0,0,1,2,1,0,2,2,0,0,0,2,2,1,1,0,2,1,1,1,2,500
1,0,1,2,2,0,2,1,0,1,0,2,1,0,0,0,1,1,2,2,2,0,0,0,1,0,2,1,2,0,1,1,0,0,0,0,1,1,1,0,1,0,1,0,2,2,1,1,1,2,1,2,0,0,1,2,1,0,0,1,1,1,0,2,2,1,1,1,1,2,0,1,0,0,0,1,1,0,0,0,2,1,1,1,0,0,1,2,1,2,2,2,2,1,0,1,1,1,1,2,500
0,2,0,0,1,1,2,0,0,0,2,0,2,1,0,0,1,0,0,1,0,1,2,0,2,1,2,0,2,0,0,0,2,1,1,0,0,1,1,2,1,0,0,1,2,1,1,2,1,0,1,0,0,1,0,1,1,2,2,0,2,1,0,2,2,1,1,2,0,0,1,2,0,0,0,2,1,0,0,0,2,0,2,1,1,2,1,0,1,0,2,0,2,0,1,1,0,1,2,0,500
2,1,1,0,1,1,2,0,1,2,2,1,1,1,0,0,1,0,2,0,0,0,2,0,1,2,2,1,1,0,1,1,1,0,1,1,2,1,1,2,2,0,0,1,1,0,1,2,0,1,1,0,0,2,0,2,0,1,0,0,1,0,0,1,1,2,0,0,1,2,0,0,2,1,0,0,1,0,0,0,2,1,1,1,0,1,1,2,1,0,1,0,2,1,2,2,1,1,0,1,500
2,0,2,1,2,0,0,1,1,2,1,1,1,0,2,0,2,2,2,0,1,1,0,1,2,1,0,1,2,1,1,2,2,1,0,1,2,0,1,1,1,0,0,2,1,2,1,1,2,2,0,1,0,1,2,0,0,1,1,2,0,0,0,2,1,0,0,2,0,1,0,0,0,1,0,2,1,1,0,2,0,0,2,1,1,1,0,0,2,1,2,1,2,2,1,0,0,0,0,1,500
2,1,0,0,2,1,2,1,1,0,1,1,2,0,2,0,2,1,1,2,2,0,0,0,0,2,1,0,0,1,0,1,2,0,2,2,1,2,1,0,0,2,1,0,1,1,2,0,2,1,0,1,0,1,2,1,0,1,0,1,0,2,0,0,2,0,1,0,0,0,0,1,1,0,0,0,2,1,0,1,1,1,0,1,0,0,1,0,1,1,0,2,1,2,0,2,0,1,1,1,500
0,0,0,0,2,2,2,1,1,0,1,2,1,1,0,0,2,1,1,1,0,1,1,1,2,2,1,0,1,1,2,2,2,0,1,1,2,2,1,1,1,2,1,1,2,1,1,0,2,2,2,2,0,1,0,2,1,2,0,1,0,2,0,1,0,0,1,2,1,1,0,1,2,0,0,0,2,1,0,1,1,1,2,0,1,1,2,1,1,1,1,2,1,1,1,2,1,1,2,1,500
1,1,0,2,2,1,1,1,0,2,2,2,2,1,2,0,0,2,2,2,1,0,1,1,2,2,0,0,2,0,0,2,1,1,1,1,1,0,1,1,0,1,2,0,0,1,0,0,2,1,0,2,0,1,1,2,0,2,2,0,2,1,0,1,0,0,1,2,2,1,1,1,2,1,0,0,2,1,0,0,2,1,2,2,1,2,2,0,2,0,0,0,2,0,1,2,2,0,0,1,500
2,0,0,2,1,1,2,1,1,2,1,0,2,1,1,0,1,2,2,2,0,0,2,0,0,0,2,1,1,0,0,0,1,2,1,0,0,2,1,1,0,0,1,0,0,0,2,0,1,2,0,2,0,1,0,1,1,1,2,2,1,2,0,1,2,1,1,0,1,1,0,2,2,0,0,2,1,1,0,2,0,2,1,1,2,1,0,2,0,2,1,2,2,1,2,0,1,0,1,2,500
1,1,0,0,1,0,2,1,0,2,1,0,2,0,0,0,1,2,2,2,2,0,1,0,0,0,2,1,0,0,0,2,0,1,2,2,1,1,0,0,2,0,1,1,1,2,1,0,0,0,1,0,0,2,1,2,0,2,2,0,0,1,0,2,1,2,0,1,0,0,0,0,2,0,0,1,0,2,0,0,1,0,0,1,0,0,2,2,2,2,0,2,1,0,1,1,1,1,1,2,500
0,0,2,0,0,2,1,0,0,1,2,2,0,2,0,0,2,0,1,0,1,0,2,0,0,2,0,1,2,1,1,2,2,0,1,2,1,0,0,1,0,0,1,0,1,1,1,0,1,0,0,0,0,0,1,1,0,2,1,1,2,1,0,2,0,1,0,0,0,1,0,2,0,0,0,0,0,2,0,0,0,1,0,1,2,2,0,0,0,2,2,0,2,2,0,0,2,0,1,0,500
0,1,1,0,2,0,2,0,1,1,1,2,0,0,2,0,0,1,2,1,1,1,0,1,0,1,0,0,1,0,0,1,2,2,2,0,2,1,1,2,1,2,0,1,0,1,1,0,0,1,2,1,0,0,2,2,0,1,2,2,2,2,0,1,1,0,1,0,2,0,1,1,0,0,0,1,0,2,0,0,0,1,2,0,1,1,2,2,1,2,1,1,0,2,2,1,2,1,0,1,500
0,2,2,2,2,0,1,0,2,1,0,0,2,2,2,0,2,0,2,0,0,0,2,1,0,1,2,1,0,0,0,2,1,0,1,2,0,2,1,1,2,1,0,1,2,2,1,1,2,0,1,2,0,0,0,0,0,1,0,1,1,1,0,2,0,1,0,2,2,0,0,0,0,1,0,0,0,0,0,2,1,1,2,1,1,0,1,1,1,0,2,0,2,0,2,2,1,1,0,0,500
2,1,1,2,0,0,0,0,0,0,2,2,1,1,0,0,0,1,2,2,2,1,2,0,1,0,2,1,0,0,1,0,2,1,2,2,2,2,1,0,1,1,0,0,1,0,1,2,2,1,2,1,0,0,2,0,0,1,1,0,1,0,0,2,2,2,0,0,1,0,1,1,1,2,0,2,0,0,0,1,2,1,2,0,0,1,1,0,2,1,1,1,2,0,2,0,0,0,1,2,500
0,0,0,2,0,0,1,1,0,2,0,0,2,1,2,0,1,2,1,0,0,0,1,0,1,2,1,1,0,1,1,2,2,0,2,2,2,0,0,1,0,0,1,1,0,0,0,1,0,0,1,2,0,2,1,1,0,0,1,1,2,0,0,1,0,2,0,0,0,0,0,1,0,0,0,2,0,2,0,2,1,0,1,2,1,0,0,2,0,0,1,2,1,1,0,1,2,0,0,1,500
1,0,1,2,0,2,0,1,2,1,0,2,0,0,1,0,1,1,1,0,2,0,2,1,1,0,2,1,1,1,1,0,2,0,2,2,2,2,0,1,1,2,1,0,2,1,2,2,2,1,1,0,0,0,0,2,1,2,1,2,1,1,0,1,0,2,0,0,2,0,0,2,1,0,0,1,2,0,0,1,0,1,0,2,2,2,2,2,1,0,1,0,2,0,2,2,1,1,2,2,500
1,2,2,1,0,2,0,0,1,1,1,1,2,2,0,0,0,2,0,0,0,1,1,0,2,2,2,0,2,0,2,1,1,1,0,2,1,1,1,0,1,0,1,0,1,1,1,1,2,1,1,0,0,2,1,0,1,0,1,0,2,1,0,2,2,2,1,2,0,0,1,2,0,0,0,0,1,1,0,1,0,1,0,0,2,0,2,2,2,2,2,0,0,0,1,1,1,0,1,2,500
1,2,0,0,1,2,0,1,0,0,1,1,0,0,0,0,2,0,1,0,1,0,2,1,1,1,0,1,2,1,2,0,2,2,1,0,0,0,0,2,2,2,1,1,1,2,2,2,1,1,1,2,0,0,2,0,1,2,0,2,2,1,0,2,1,0,0,2,0,2,0,1,0,1,0,2,2,0,0,2,0,0,1,2,0,2,0,0,2,1,2,0,1,0,0,0,2,0,0,2,500
0,1,1,2,0,1,1,1,2,0,1,1,2,1,0,0,0,1,2,2,1,1,2,0,1,0,1,0,2,0,2,0,0,2,2,2,2,1,1,0,0,2,2,2,1,1,0,1,0,2,1,0,0,1,0,2,1,2,0,1,1,0,0,2,1,1,0,2,2,1,0,0,2,2,0,1,0,1,0,0,2,0,0,2,1,1,2,2,0,1,0,1,1,0,1,1,0,1,0,2,500
1,2,0,1,1,0,0,1,2,1,0,0,0,1,2,0,2,0,2,0,2,0,1,1,2,0,2,0,1,0,0,2,1,0,2,0,1,2,0,2,0,2,2,0,1,0,1,2,1,1,2,1,0,2,2,0,0,0,2,1,0,1,0,1,2,1,0,0,0,0,0,2,2,2,0,1,1,2,0,0,1,1,0,0,1,2,2,0,1,2,0,1,1,2,2,2,2,1,0,0,500
0,0,0,1,2,2,0,0,0,1,0,2,2,0,1,0,2,1,0,2,2,0,2,0,0,0,2,1,1,0,0,2,1,0,1,1,2,0,0,2,1,0,1,2,2,2,2,0,1,1,2,1,0,0,0,0,0,2,2,2,2,0,0,0,0,1,0,0,0,1,0,2,0,0,0,2,2,1,0,1,1,0,1,2,1,0,0,0,1,0,2,1,2,0,0,0,1,1,1,2,500
0,2,0,0,2,1,1,0,1,0,1,2,2,0,2,0,1,2,1,0,1,1,0,1,1,1,0,0,2,1,2,2,2,0,2,1,1,1,1,0,0,1,1,1,1,1,2,2,2,1,2,2,0,1,1,2,0,0,1,2,2,1,0,1,1,1,0,2,0,0,0,2,0,2,0,1,1,2,0,2,2,2,1,0,2,2,2,0,1,0,0,0,0,0,1,1,0,0,1,0,500
1,2,1,2,0,0,2,0,0,2,2,0,0,1,0,0,1,2,0,2,0,1,2,0,2,1,0,0,2,0,1,2,1,0,0,1,0,1,1,1,1,0,0,2,2,0,1,0,0,1,0,1,0,2,1,2,1,0,2,0,0,0,0,1,0,0,0,1,2,0,1,1,0,2,0,0,0,2,0,1,0,0,0,0,0,2,1,0,1,0,2,2,0,0,2,1,2,0,1,2,500
0,0,1,2,2,1,1,0,1,1,1,1,2,0,2,0,2,1,1,2,2,1,1,0,2,0,1,0,0,0,2,0,2,1,2,2,0,2,0,0,2,1,1,1,1,1,1,0,0,1,0,2,0,2,1,2,0,2,1,1,2,0,0,2,2,0,1,1,0,2,0,1,0,1,0,2,1,1,0,1,0,0,1,0,0,1,2,2,0,2,2,1,2,0,2,2,1,1,2,0,500
0,0,2,0,0,1,2,1,0,2,2,1,0,0,2,0,1,1,2,0,1,0,0,1,2,1,2,0,2,1,1,1,0,2,0,1,1,1,0,2,1,1,2,2,2,1,0,0,2,0,2,2,0,2,1,1,0,1,2,2,0,0,0,2,1,0,0,1,0,2,0,2,1,0,0,2,2,0,0,2,0,0,0,0,2,2,0,2,2,2,1,2,1,2,1,1,1,0,1,2,500
2,0,1,1,2,2,1,0,2,2,2,0,1,1,2,0,2,1,2,1,0,0,0,1,0,2,1,0,1,0,2,0,1,1,0,0,0,1,1,2,2,1,2,1,0,1,1,2,1,1,2,2,0,2,2,0,1,0,2,1,0,1,0,0,1,1,0,2,1,1,0,2,2,1,0,1,2,0,0,2,0,0,2,1,0,0,2,1,0,2,1,1,2,1,2,1,1,1,2,2,500
1,0,1,2,2,1,2,0,1,0,0,2,0,2,0,0,1,0,1,0,2,1,2,1,0,1,0,1,2,0,1,2,0,2,1,2,2,0,0,0,2,2,0,0,1,2,2,1,2,0,2,0,0,2,1,0,1,0,1,0,0,2,0,0,0,2,1,1,1,0,1,0,1,2,0,1,2,1,0,2,2,2,2,1,0,1,2,2,0,0,2,1,2,1,2,0,0,0,2,1,500
0,0,1,1,0,2,0,1,1,1,0,0,0,1,2,0,1,1,1,0,1,1,0,0,0,1,2,1,2,1,1,2,2,2,2,0,2,1,0,2,1,0,2,0,0,0,1,2,1,0,1,2,0,0,0,2,1,0,0,0,0,0,0,1,2,2,1,2,1,0,1,1,0,0,0,0,2,1,0,1,1,0,1,2,1,1,0,1,0,0,2,0,2,1,2,2,0,1,1,2,500
2,2,2,1,0,1,2,0,2,0,0,1,1,0,1,0,2,1,2,0,0,1,1,1,1,1,2,1,2,1,2,2,2,2,1,0,0,2,0,1,1,1,0,2,1,1,2,2,1,2,1,0,0,2,0,0,1,0,2,0,1,1,0,1,0,1,0,2,2,2,0,1,0,1,0,1,1,2,0,1,1,0,1,2,0,2,2,1,2,0,1,0,0,1,0,2,0,0,1,2,500
1,1,0,0,1,1,0,1,0,2,2,1,0,2,0,0,1,2,1,0,1,1,2,0,2,2,0,0,2,0,0,2,1,1,1,2,2,1,0,1,2,0,0,0,1,2,0,1,0,0,1,2,0,2,2,0,0,2,0,0,0,1,0,0,1,0,0,1,1,0,1,2,1,0,0,1,1,2,0,0,2,2,0,1,0,2,2,1,1,1,2,1,2,1,2,0,1,1,2,2,500
1,0,1,0,1,0,1,0,2,1,1,0,0,2,2,0,0,0,0,2,1,0,1,0,0,0,1,1,0,0,0,2,1,0,1,2,0,2,0,2,1,1,0,1,1,1,1,0,0,2,1,2,0,1,1,1,1,2,2,2,2,2,0,2,1,2,0,1,1,1,1,2,2,1,0,2,1,0,0,0,0,1,0,2,2,1,2,2,1,1,0,0,0,1,0,2,1,0,1,0,500
1,1,2,1,2,2,1,1,1,2,0,1,1,1,1,0,0,2,0,0,0,1,2,0,0,2,1,1,1,1,2,1,0,2,2,2,0,2,0,2,2,0,0,0,0,2,0,1,1,2,2,2,0,1,0,1,0,0,1,0,2,2,0,0,2,2,1,1,2,0,1,1,0,1,0,2,0,0,0,0,2,1,0,0,0,0,0,1,1,0,1,0,2,2,0,1,1,1,2,1,500
2,1,1,2,0,0,0,1,1,1,1,2,2,1,1,0,2,0,2,1,2,1,1,0,2,0,0,1,1,0,0,0,2,0,1,2,1,1,1,1,2,2,0,0,1,2,0,2,1,1,0,2,0,1,2,1,0,2,1,1,1,1,0,2,1,2,0,0,0,1,1,1,1,1,0,0,1,2,0,0,0,2,1,0,0,0,1,1,0,2,2,1,2,1,2,0,1,1,0,2,500
2,2,2,2,2,0,1,0,0,1,1,1,1,0,0,0,0,1,2,2,1,0,2,0,2,2,1,1,0,0,1,1,1,1,0,1,2,1,0,0,2,1,0,1,2,0,0,0,2,2,2,1,0,0,1,2,0,1,2,2,1,0,0,2,0,0,1,0,1,0,0,2,0,0,0,1,2,0,0,0,2,2,2,2,1,2,1,2,2,1,2,1,2,0,1,2,1,1,1,1,500
1,0,1,2,2,1,2,1,2,2,0,2,0,2,1,0,2,0,2,1,1,1,1,0,0,0,1,1,0,0,2,0,2,0,2,1,0,2,0,2,2,1,2,0,0,1,1,0,2,2,0,1,0,1,0,0,1,2,1,1,0,2,0,0,1,1,0,0,1,0,0,1,0,0,0,2,0,2,0,2,2,1,2,0,2,1,2,0,0,2,2,1,1,2,1,2,2,0,1,1,500
0,0,1,1,2,2,1,1,0,2,2,1,0,2,1,0,2,1,0,2,2,1,1,0,0,0,1,1,2,0,1,1,1,1,2,0,2,0,0,1,2,1,0,0,0,2,1,1,1,1,1,2,0,1,0,2,1,1,1,0,1,0,0,0,0,2,1,2,0,1,0,1,0,0,0,1,1,1,0,2,0,2,1,2,0,0,0,2,1,1,2,1,1,2,2,1,0,1,2,1,500
0,1,2,1,0,1,1,1,0,2,1,0,2,1,0,0,0,2,0,1,0,0,2,0,0,2,1,0,0,1,1,2,1,2,0,1,0,2,0,1,0,2,0,0,1,2,2,1,0,2,2,2,0,2,2,0,0,1,1,1,1,0,0,0,2,2,0,0,2,1,1,2,0,0,0,1,0,2,0,2,2,1,2,1,2,0,0,1,1,0,2,0,0,0,2,2,0,0,1,2,500
0,1,1,1,2,0,2,1,0,0,0,1,2,1,0,0,0,2,2,0,0,0,1,1,0,1,0,1,0,0,2,2,2,0,0,1,2,0,0,0,1,2,1,2,1,0,2,2,0,1,2,0,0,0,2,1,1,2,2,1,1,0,0,2,2,2,1,2,1,1,1,0,2,2,0,0,2,1,0,1,1,0,2,0,1,0,1,1,2,0,0,2,2,2,0,0,2,1,1,0,500
1,2,0,0,1,1,0,0,0,2,1,2,0,0,1,0,0,2,0,0,2,1,2,1,2,1,1,1,2,0,1,0,1,2,2,1,2,2,1,1,0,1,1,1,2,1,0,0,2,1,1,0,0,0,1,0,1,2,0,0,1,1,0,2,2,0,1,0,2,0,1,1,1,2,0,1,0,0,0,0,1,2,1,2,2,0,0,1,2,0,2,1,2,1,2,1,1,0,0,1,500
1,0,0,2,1,0,1,0,1,0,0,1,2,0,2,0,2,2,1,1,1,1,1,1,1,1,0,0,0,1,2,1,2,0,2,1,2,2,0,2,1,2,2,0,1,1,1,2,1,0,2,0,0,1,1,2,0,1,2,1,1,2,0,0,2,2,0,0,2,2,1,0,0,2,0,2,0,2,0,0,2,1,0,1,0,1,0,0,2,0,1,1,1,2,2,2,0,0,1,0,500
0,2,1,1,2,1,0,0,2,1,1,1,0,0,1,0,2,1,0,0,1,1,2,1,0,0,0,1,1,1,2,1,0,1,0,1,1,1,0,2,0,1,1,0,1,2,1,2,2,2,0,0,0,0,1,1,1,0,1,0,1,1,0,1,2,0,1,0,0,2,0,2,0,2,0,0,0,0,0,0,2,2,1,0,1,2,0,2,2,1,2,2,2,2,1,1,0,0,1,0,500
1,1,0,0,0,1,0,0,1,1,0,2,0,1,0,0,1,1,1,1,1,0,0,1,0,1,1,0,2,1,2,0,0,2,0,2,0,2,1,2,2,1,0,0,0,2,1,1,2,2,2,2,0,1,1,1,1,1,2,1,0,1,0,2,0,2,1,1,1,2,0,1,1,2,0,2,2,2,0,2,1,1,0,2,0,0,2,1,2,0,1,0,0,2,0,1,1,1,2,0,500
1,2,2,1,2,0,2,0,0,0,0,0,2,1,1,0,2,1,2,1,0,1,2,0,0,0,1,0,1,1,1,2,0,0,0,0,1,0,0,1,2,2,0,2,0,0,1,2,2,1,2,0,0,1,2,1,0,0,2,1,2,0,0,2,0,2,0,0,0,2,0,2,1,1,0,1,1,1,0,0,2,2,1,0,2,1,1,1,0,2,0,0,1,0,2,2,2,0,1,1,500
1,1,1,0,2,2,2,0,0,0,1,2,1,0,1,0,1,1,2,1,1,0,1,0,2,1,0,1,2,1,1,2,0,1,0,2,1,1,1,2,1,2,1,1,0,1,2,0,0,2,1,1,0,1,0,0,1,2,1,0,2,1,0,0,0,1,1,1,0,0,1,1,2,1,0,2,0,0,0,2,0,0,0,0,1,0,2,2,2,0,1,2,2,1,1,0,1,0,1,1,500
1,2,1,2,2,1,2,0,1,2,1,1,1,0,2,0,1,2,2,0,0,1,2,1,2,2,0,1,0,1,2,0,0,0,2,2,1,1,0,1,1,0,2,0,2,1,1,1,1,0,1,2,0,1,1,2,1,1,1,0,2,2,0,0,1,1,1,2,2,0,1,1,1,0,0,0,2,1,0,0,1,2,2,2,1,1,2,1,1,1,0,1,0,0,0,0,2,0,1,1,500
1,2,1,1,0,0,1,1,2,0,1,0,2,0,1,0,0,0,2,0,0,1,0,1,1,0,0,0,2,0,2,0,1,0,1,2,1,0,0,0,1,0,1,2,2,2,1,0,2,2,1,0,0,0,1,1,1,0,1,0,2,1,0,0,0,2,1,1,0,0,0,2,1,1,0,2,0,0,0,1,2,1,1,1,0,1,2,1,2,2,1,0,1,0,0,0,1,1,0,2,500
1,1,0,1,0,2,1,0,2,0,1,1,2,2,2,0,0,0,0,0,0,0,2,1,1,2,1,0,2,1,2,0,2,1,0,1,0,0,0,0,0,1,0,1,0,0,1,2,2,1,2,1,0,0,1,1,0,2,1,0,1,2,0,2,2,0,1,2,0,1,1,1,0,1,0,2,2,2,0,0,2,2,0,2,1,0,0,1,2,0,1,1,2,0,2,2,0,1,0,1,500
2,0,1,2,2,0,0,1,0,2,0,2,0,1,2,0,0,2,2,2,0,0,0,0,0,2,0,1,2,1,1,1,0,1,0,0,1,1,1,1,2,2,1,2,2,0,1,0,1,0,2,2,0,0,0,0,0,0,1,2,2,2,0,0,2,0,1,1,2,2,0,0,1,2,0,1,1,0,0,0,1,1,1,1,1,1,2,2,2,0,1,2,0,0,2,0,0,0,0,0,500
2,0,1,0,1,1,1,1,1,2,0,2,1,0,0,0,2,0,2,1,0,1,1,1,1,1,2,0,0,0,1,1,1,1,1,1,0,0,0,1,1,1,1,0,1,0,2,1,1,1,2,1,0,0,1,1,1,0,0,1,2,1,0,1,0,2,1,0,2,2,1,2,0,1,0,0,1,1,0,1,2,2,1,1,0,0,2,0,1,0,2,2,0,2,2,2,2,1,1,2,500
1,0,0,2,2,0,2,0,2,2,1,2,0,0,1,0,0,2,2,2,0,1,2,1,0,1,1,1,2,1,0,2,0,0,1,0,0,2,0,2,2,0,1,2,2,0,1,2,1,2,2,1,0,1,1,2,1,0,1,2,0,0,0,2,1,0,0,0,0,1,1,2,0,0,0,2,2,0,0,1,1,0,1,1,0,1,2,0,2,2,1,1,0,1,2,1,0,0,1,0,500
0,2,0,0,2,2,2,0,2,0,2,2,2,1,1,0,2,2,1,0,0,0,2,1,2,2,2,1,1,1,2,0,1,0,2,1,0,0,1,0,1,0,1,2,0,2,1,0,0,0,2,1,0,1,0,0,0,1,0,0,1,0,0,1,0,0,1,2,0,1,0,2,0,1,0,2,2,2,0,1,0,1,2,1,0,0,2,0,0,1,2,1,2,2,1,0,0,1,0,2,500
2,1,2,2,0,2,2,0,1,0,2,2,0,0,0,0,2,0,2,0,1,1,0,0,0,0,0,1,2,1,0,1,1,2,2,2,0,1,0,2,0,0,0,2,1,0,1,0,0,1,0,1,0,1,0,2,1,1,2,0,0,0,0,1,1,1,1,1,0,0,1,2,0,0,0,0,2,1,0,2,0,1,1,0,2,2,1,0,2,1,1,1,2,0,0,2,0,1,1,1,500
2,1,2,0,0,1,1,0,2,1,2,1,0,1,1,0,0,1,1,1,2,0,2,0,2,1,1,1,1,0,2,0,0,2,1,2,2,2,0,2,2,0,0,1,1,0,2,1,0,2,1,0,0,0,0,2,0,2,0,2,2,0,0,0,0,1,0,2,2,2,1,1,0,1,0,2,2,0,0,1,1,1,1,0,2,2,0,1,0,2,1,0,2,0,0,1,2,0,2,1,500
2,0,2,1,1,0,1,0,0,2,1,0,2,2,2,0,2,0,0,1,2,0,1,1,0,1,1,0,2,0,0,2,0,1,1,0,1,1,0,0,2,2,2,0,0,2,0,1,2,2,2,0,0,1,0,0,1,2,1,2,0,2,0,2,2,0,0,1,0,1,1,1,2,1,0,1,0,0,0,2,1,2,1,2,2,0,1,0,0,0,0,1,0,0,2,2,0,0,1,0,500
0,1,2,1,0,0,1,0,1,2,1,1,1,0,0,0,0,2,1,2,1,0,2,1,2,2,1,0,2,1,0,1,2,1,0,1,2,0,1,0,1,2,2,2,0,0,1,1,0,0,0,1,0,0,1,0,0,2,2,2,2,2,0,1,2,2,0,1,1,0,0,2,0,0,0,2,2,1,0,0,0,1,1,1,0,0,2,2,0,0,2,0,0,2,1,1,2,0,2,1,500
0,2,2,0,0,1,0,0,2,0,1,1,0,1,1,0,2,2,0,0,1,1,1,1,0,1,0,0,0,0,2,0,1,2,0,2,1,2,0,0,1,2,1,0,2,0,1,0,1,1,1,1,0,0,2,1,1,0,0,0,2,1,0,0,2,0,0,1,0,2,0,1,2,0,0,2,0,0,0,1,2,0,0,0,0,2,2,1,0,0,0,0,1,1,0,2,2,0,2,1,500
0,0,2,1,1,1,0,1,2,2,1,1,2,2,2,0,1,0,0,1,2,0,1,0,1,1,0,1,1,1,1,1,2,1,2,0,2,0,0,1,2,1,2,1,1,0,1,0,2,1,2,1,0,1,1,0,1,1,2,0,2,2,0,1,1,0,1,0,1,2,1,2,2,0,0,1,0,1,0,2,1,2,1,0,0,1,0,1,2,2,1,0,2,0,2,2,1,0,2,2,500
1,1,1,0,0,0,2,0,1,0,2,2,1,1,1,0,1,0,1,2,0,0,1,1,0,0,0,0,0,1,0,2,1,1,1,0,1,0,0,0,2,0,0,1,2,1,1,2,2,0,2,1,0,0,2,0,1,0,1,0,1,1,0,0,1,2,1,0,1,0,0,1,1,1,0,1,0,0,0,1,1,0,0,2,2,2,2,0,2,1,2,2,0,0,2,0,2,0,0,2,500
2,0,1,0,2,0,1,0,0,0,1,0,0,1,0,0,1,2,0,0,0,0,2,1,2,2,2,1,0,0,1,0,1,0,1,0,1,1,0,1,1,0,2,2,1,2,1,2,1,2,1,0,0,0,0,0,0,1,0,0,2,1,0,1,2,0,1,0,0,0,1,1,1,1,0,1,2,2,0,0,2,0,0,1,1,0,0,0,2,0,1,0,0,1,1,2,1,0,1,1,500
0,1,1,1,1,0,2,0,1,2,2,1,0,0,0,0,1,0,1,0,2,1,1,0,1,2,2,0,0,0,0,1,0,2,0,0,0,2,1,0,2,2,1,1,0,2,2,0,1,1,1,2,0,1,2,1,0,0,1,0,0,2,0,2,0,0,0,1,2,1,1,1,1,2,0,2,2,2,0,2,1,2,0,1,2,2,1,1,1,2,0,1,1,0,2,2,1,0,2,2,500
1,2,2,0,2,0,1,0,0,1,0,0,0,0,1,0,2,2,2,1,1,1,1,0,2,2,2,1,2,1,2,0,1,0,2,2,2,1,0,2,0,0,2,0,1,2,0,0,2,0,2,1,0,2,0,1,1,1,2,0,1,2,0,1,0,0,0,2,0,2,1,2,1,1,0,2,1,1,0,1,0,0,2,1,1,1,0,0,2,2,0,0,0,0,2,0,2,0,2,0,500
0,0,0,2,0,0,2,0,0,0,0,0,1,1,0,0,1,2,2,2,0,1,2,1,2,2,2,1,1,0,1,1,0,1,0,0,0,2,0,0,2,1,1,0,0,1,1,0,2,2,0,0,0,2,2,0,0,2,2,2,0,2,0,2,1,0,1,0,1,2,1,1,0,1,0,1,0,0,0,0,0,2,0,2,2,2,2,1,2,1,1,0,1,1,2,1,0,0,1,1,500
0,2,1,0,1,1,2,1,0,2,0,0,2,1,2,0,1,1,1,0,2,1,0,0,2,2,0,1,2,0,1,0,0,2,1,0,2,2,0,1,0,2,1,2,1,0,0,0,1,0,0,0,0,2,2,1,1,2,1,2,1,0,0,1,1,2,1,0,0,2,1,1,2,2,0,2,2,1,0,2,1,2,1,2,0,1,2,2,0,2,0,0,0,2,2,2,2,1,2,0,500
2,2,1,0,1,2,1,0,1,2,0,1,2,2,0,0,1,2,0,1,2,0,1,1,2,1,0,0,2,1,0,0,2,0,2,1,0,1,0,0,1,2,0,0,2,1,0,1,2,1,0,2,0,2,2,0,1,2,2,2,1,1,0,1,1,0,0,1,1,2,0,1,0,2,0,1,0,1,0,2,2,1,2,0,1,2,0,1,2,1,2,2,2,2,0,0,0,0,2,1,500
1,0,0,1,2,0,2,1,2,2,2,1,1,1,2,0,2,2,0,0,0,1,1,0,2,2,1,1,0,1,1,0,0,0,0,0,0,2,1,1,2,0,1,1,0,2,2,0,2,1,2,1,0,0,1,0,0,1,2,0,0,0,0,1,0,1,0,0,2,1,0,1,1,1,0,1,1,0,0,1,2,2,2,2,1,0,0,0,0,1,0,2,1,2,1,1,2,1,0,0,500
1,1,1,1,1,1,2,1,0,2,2,1,1,0,1,0,0,2,2,0,2,1,0,1,0,0,1,1,1,0,0,2,1,1,1,2,0,1,0,0,2,2,1,2,0,0,1,1,0,0,1,0,0,2,1,1,0,0,2,2,2,0,0,0,2,2,1,1,1,0,0,2,1,0,0,0,1,1,0,2,1,2,1,1,1,0,1,1,2,0,1,1,0,2,0,0,1,1,1,2,500
1,1,0,0,2,1,0,1,2,1,0,1,1,2,0,0,1,1,2,0,2,1,2,1,2,2,0,0,0,0,0,1,1,2,1,1,2,0,0,1,1,1,1,0,2,2,2,2,1,2,2,1,0,1,0,1,0,0,1,0,0,0,0,0,2,2,0,1,0,0,1,2,1,2,0,0,1,2,0,1,0,1,1,1,1,1,2,2,0,0,1,1,1,1,2,2,2,0,1,0,500
2,0,1,0,0,0,0,1,2,1,2,1,0,0,1,0,1,0,1,0,2,0,2,1,1,1,0,0,2,1,0,2,2,1,0,0,1,2,1,2,1,1,2,1,2,2,0,0,0,1,2,0,0,1,1,0,1,1,1,1,1,1,0,0,2,0,1,2,0,1,0,1,1,0,0,0,0,2,0,1,2,1,2,0,1,1,2,1,1,2,1,2,2,2,2,1,2,1,2,0,500
0,1,0,2,0,2,2,0,0,0,0,1,2,1,2,0,0,2,0,2,1,1,1,1,0,0,0,0,2,0,1,0,2,1,0,2,1,2,0,0,2,1,0,2,0,1,2,0,0,1,2,0,0,0,2,2,0,0,2,0,0,2,0,0,2,0,0,2,2,0,1,1,2,2,0,1,2,1,0,1,0,0,2,2,2,1,0,0,1,0,2,1,1,1,2,2,0,1,1,0,500
1,2,1,2,1,2,1,0,1,2,0,0,0,0,1,0,0,2,0,0,0,1,1,0,0,2,1,1,2,0,0,2,0,2,2,1,1,0,1,2,1,0,2,2,2,2,2,2,0,2,0,0,0,0,0,1,0,0,2,1,2,0,0,2,0,2,0,1,0,0,1,0,2,2,0,1,1,2,0,0,0,1,1,0,1,0,0,2,2,2,0,2,2,2,0,1,0,1,2,0,500
2,0,2,0,2,2,1,0,2,0,0,2,0,2,2,0,2,2,0,0,0,0,2,0,0,1,2,0,0,1,2,0,0,0,2,0,0,0,1,0,0,1,0,0,1,1,1,1,1,0,0,0,0,1,1,1,1,2,1,1,2,0,0,1,2,0,1,0,0,1,1,1,2,1,0,2,0,0,0,0,0,0,1,1,0,1,0,0,0,1,0,0,1,0,0,0,1,1,1,2,500
0,1,1,0,0,1,0,1,1,1,0,1,1,0,2,0,0,1,1,2,1,0,1,1,0,2,2,1,1,1,0,0,0,2,2,2,1,2,1,0,1,0,0,1,2,2,2,0,0,1,0,0,0,1,1,1,0,0,0,2,2,1,0,2,0,1,0,0,0,1,0,0,2,2,0,1,2,2,0,2,1,0,2,2,2,0,0,0,0,0,1,2,1,0,0,1,2,1,2,0,500
2,2,0,2,0,0,2,1,2,1,1,1,2,0,1,0,2,1,2,2,1,0,1,0,2,2,1,0,2,0,1,0,2,0,2,1,2,2,0,1,2,0,1,0,1,2,1,2,0,0,2,2,0,1,2,2,0,0,0,0,1,2,0,0,0,2,0,0,2,2,0,1,2,2,0,2,1,0,0,0,1,1,2,1,2,0,0,1,2,0,2,2,2,1,2,2,0,0,2,1,500
1,2,0,1,1,2,1,0,0,2,0,1,1,2,2,0,2,0,0,1,2,1,0,0,1,1,0,1,1,0,1,0,2,1,1,0,0,0,0,0,1,0,2,0,0,2,1,0,2,0,2,2,0,2,1,2,0,2,0,0,0,0,0,0,0,2,1,2,0,1,0,1,0,2,0,0,2,0,0,0,0,1,0,1,0,0,0,1,1,1,0,0,0,1,1,2,0,1,2,2,500
1,2,0,2,0,0,2,0,2,2,2,1,0,2,0,0,2,2,2,1,1,0,1,0,2,0,1,0,1,0,0,1,2,2,0,1,0,2,0,2,0,0,0,1,1,0,1,0,1,0,0,2,0,0,2,1,0,1,1,0,0,0,0,0,2,0,0,1,1,0,1,1,1,0,0,2,0,0,0,2,1,0,1,2,0,1,1,1,1,2,1,0,2,0,2,0,2,1,0,2,500
1,0,2,0,1,2,2,0,1,2,0,1,1,1,0,0,2,0,1,2,2,0,2,0,0,0,2,0,2,1,2,2,2,2,2,0,2,0,0,0,0,1,1,0,1,2,1,0,2,1,1,2,0,2,0,0,1,2,1,0,1,2,0,1,1,1,1,1,0,2,0,0,2,0,0,1,0,0,0,1,2,1,0,0,0,2,0,2,2,1,1,2,2,1,1,0,2,1,1,0,500
0,0,1,2,1,0,1,1,1,2,2,1,0,0,1,0,1,1,1,1,2,0,2,0,1,1,0,0,0,1,0,2,1,0,1,2,0,0,0,0,2,0,0,1,2,0,1,0,2,2,1,1,0,0,0,0,1,1,2,2,1,2,0,1,2,0,1,2,0,0,0,1,0,0,0,0,2,1,0,2,0,1,2,1,2,1,2,2,2,1,2,0,0,1,2,1,2,0,1,1,500
1,2,1,0,2,0,2,0,0,2,2,1,0,0,0,0,2,0,2,1,1,0,0,0,2,2,2,1,1,0,2,2,1,1,0,0,0,2,0,0,0,1,2,1,0,0,1,0,2,1,0,2,0,0,1,2,0,2,2,2,0,1,0,1,1,1,0,0,2,0,1,1,2,2,0,1,0,2,0,1,0,2,0,2,0,2,2,1,2,2,1,2,2,2,2,0,1,0,1,0,500
2,2,0,0,2,0,1,0,0,1,0,2,0,2,0,0,1,1,0,2,0,0,0,1,1,2,1,1,0,0,0,2,1,2,0,0,2,2,0,1,2,1,1,0,2,1,0,1,0,1,0,0,0,0,2,1,0,2,1,1,0,2,0,0,0,2,0,0,1,2,1,0,0,0,0,0,1,1,0,1,2,2,2,2,2,1,2,0,2,2,2,0,0,0,1,1,2,1,1,2,500
2,0,0,0,0,0,2,1,2,1,2,0,2,2,2,0,1,0,1,2,1,1,0,1,0,1,0,0,0,1,1,2,0,2,2,1,1,1,0,2,0,2,0,2,1,0,2,2,0,1,0,2,0,1,2,2,0,1,2,0,0,2,0,1,0,2,0,1,1,0,0,2,1,0,0,0,2,2,0,2,1,0,1,0,0,0,2,1,2,2,0,0,1,0,1,2,1,0,0,0,500
0,1,2,2,1,1,0,1,2,1,2,0,1,2,0,0,1,0,2,1,0,1,2,0,0,0,0,1,1,1,0,2,1,0,1,1,2,2,0,1,2,2,2,0,1,2,0,1,0,1,1,1,0,2,1,1,0,2,2,2,0,2,0,1,1,0,0,0,2,1,0,1,0,2,0,1,2,0,0,1,1,1,0,0,1,2,0,2,1,1,1,0,2,2,2,1,1,1,2,1,500
2,2,0,2,1,0,0,1,2,0,1,0,0,2,0,0,0,2,2,1,2,1,2,0,0,2,1,0,0,1,1,2,2,1,0,2,0,1,1,1,1,2,2,2,0,1,2,0,2,0,2,0,0,1,0,2,1,2,2,2,1,1,0,1,2,1,0,0,1,0,1,1,2,2,0,0,0,1,0,2,2,0,1,0,1,2,2,2,2,2,2,0,1,1,1,0,2,1,0,1,500
0,0,2,1,2,2,0,1,2,0,2,2,0,2,2,0,0,2,1,1,2,1,0,1,0,0,1,1,0,1,2,1,1,0,2,0,2,1,0,1,2,2,0,1,2,2,0,2,2,0,1,2,0,0,1,1,0,2,1,0,2,1,0,2,2,1,0,0,2,2,1,2,2,2,0,1,0,1,0,1,0,0,0,2,1,2,1,2,1,2,0,0,1,2,0,2,1,0,2,1,500
2,0,0,0,0,0,1,0,0,1,0,0,0,1,0,0,2,2,2,1,1,1,2,0,1,1,0,0,1,0,1,2,0,1,2,1,0,2,1,0,2,0,1,2,2,2,0,1,1,2,0,2,0,1,1,0,0,0,2,2,2,2,0,1,0,0,1,2,2,0,1,0,2,0,0,0,1,0,0,0,2,2,0,2,0,0,0,0,0,2,0,0,2,2,2,2,0,0,0,1,500
0,1,1,0,2,1,2,0,0,1,0,2,1,2,2,0,0,0,2,1,1,0,0,0,1,2,0,0,1,0,0,1,2,1,1,0,1,0,1,2,2,2,1,2,2,1,1,1,0,1,1,1,0,1,1,2,1,0,1,1,2,0,0,1,2,0,0,0,2,2,1,0,2,0,0,2,2,2,0,0,2,2,1,1,1,2,2,2,2,0,2,1,0,0,0,1,2,0,2,1,500
1,2,0,1,1,2,1,1,1,0,2,2,0,1,0,0,2,1,1,2,1,0,0,0,1,2,1,0,1,0,1,2,1,0,2,0,0,1,1,0,0,0,1,1,0,2,2,2,0,1,1,1,0,2,0,0,1,2,2,0,0,2,0,0,2,1,1,0,1,1,0,1,2,2,0,0,0,0,0,1,2,2,0,1,0,2,2,0,0,1,2,0,1,2,1,1,1,0,2,0,500
2,2,0,1,1,0,0,0,0,1,1,2,0,2,1,0,1,2,1,1,2,1,2,1,1,0,1,0,1,0,0,1,2,0,2,0,0,0,1,2,2,1,2,1,0,2,0,1,0,2,1,1,0,1,2,0,1,0,2,0,2,2,0,1,1,0,0,1,2,1,1,2,2,2,0,0,0,0,0,0,1,0,1,1,0,2,2,1,2,0,0,2,2,2,1,1,2,1,2,2,500
2,0,2,1,1,2,2,0,1,2,0,2,0,0,1,0,0,0,0,2,2,0,1,1,1,2,2,1,0,1,1,2,0,2,0,0,2,0,0,1,0,0,2,1,1,1,2,0,1,0,0,1,0,0,1,1,1,1,2,2,0,0,0,1,1,2,1,1,0,1,1,2,1,2,0,1,0,2,0,2,2,1,2,1,0,0,2,2,0,0,0,0,0,1,0,2,1,1,1,2,500
1,1,2,0,2,1,2,1,2,1,0,2,1,1,1,0,1,0,0,0,0,1,1,1,0,2,0,1,1,0,2,2,0,2,1,2,1,0,1,0,0,2,2,0,2,1,1,0,1,0,1,2,0,2,1,0,1,2,1,1,1,1,0,0,2,0,1,2,1,2,1,2,2,1,0,0,0,2,0,2,2,2,1,1,0,1,0,1,2,0,2,0,0,2,0,0,2,0,1,1,500
0,2,2,2,1,0,0,0,0,0,2,1,2,0,0,0,2,2,0,1,1,0,2,1,0,2,0,0,1,1,2,0,1,2,1,1,0,0,1,2,0,2,1,2,2,1,0,1,1,0,1,0,0,2,2,1,1,2,0,0,1,2,0,2,1,0,1,1,1,0,1,1,0,0,0,2,1,1,0,2,2,0,2,1,2,2,0,1,2,1,2,0,1,1,0,1,1,0,1,2,500
1,1,0,2,0,2,2,0,1,1,2,2,2,0,1,0,0,1,2,1,1,0,0,0,1,1,0,0,2,0,2,2,2,1,2,1,1,0,0,0,0,2,0,1,0,0,2,1,0,1,0,2,0,2,1,2,1,2,2,0,0,0,0,1,2,1,1,1,1,0,0,2,2,2,0,1,0,2,0,0,1,0,2,0,1,1,0,1,0,1,1,0,1,2,2,2,0,0,2,0,500
0,2,2,2,2,0,1,1,0,0,1,2,1,2,1,0,1,2,2,2,2,1,2,0,0,2,0,0,1,0,0,1,1,0,2,2,2,0,0,1,2,1,0,1,0,2,1,0,2,1,0,1,0,0,1,0,1,1,0,0,2,2,0,2,2,0,0,2,1,0,0,2,1,1,0,0,0,1,0,1,2,0,1,0,1,0,1,0,1,2,1,1,2,1,2,1,1,1,0,2,500
1,2,2,1,2,2,0,0,0,2,1,2,0,1,2,0,2,2,2,1,2,1,0,1,2,2,1,0,1,1,0,0,1,2,2,2,2,0,0,1,0,1,2,0,0,0,1,1,2,1,0,1,0,1,1,1,0,2,2,0,0,0,0,2,1,0,1,2,0,1,1,2,0,2,0,0,0,1,0,2,0,1,0,1,0,1,0,1,2,0,1,1,0,2,2,2,1,1,1,2,500
0,0,1,1,2,2,2,0,1,1,2,2,1,2,0,0,2,0,2,1,0,1,2,0,1,1,0,0,0,1,1,1,0,0,2,1,2,1,0,2,1,0,1,2,2,0,1,2,2,1,0,1,0,1,1,1,1,1,1,1,2,0,0,1,2,2,1,0,0,1,0,2,1,2,0,2,0,2,0,1,0,1,1,2,1,2,2,0,0,1,2,2,1,1,1,1,0,1,1,1,500
0,1,2,0,2,2,1,1,1,0,1,1,1,2,2,0,0,1,2,0,1,1,1,1,2,1,2,1,2,1,0,1,2,1,0,1,0,2,0,1,0,2,1,2,1,2,1,2,2,2,2,2,0,2,2,2,1,1,1,2,2,2,0,2,0,1,0,2,2,1,1,0,2,1,0,0,2,0,0,1,1,0,1,2,2,0,2,2,0,2,0,2,2,2,0,2,0,1,0,1,500
1,2,0,2,0,1,1,1,2,2,1,0,2,1,0,0,2,1,1,2,0,1,2,1,2,0,2,1,0,1,1,1,1,2,1,2,0,2,1,1,1,2,2,0,1,2,2,0,2,2,2,0,0,2,2,2,1,2,2,2,2,2,0,0,1,2,0,2,1,1,0,0,1,0,0,1,0,0,0,0,0,2,2,1,1,2,1,0,0,1,0,2,0,1,1,0,0,0,0,0,500
2,0,2,0,2,0,2,0,1,2,1,1,1,2,0,0,2,0,2,1,1,1,0,0,1,2,0,1,1,0,1,0,1,2,1,1,2,1,1,1,0,0,1,1,1,2,2,2,0,2,2,1,0,2,2,1,1,1,2,1,1,0,0,1,0,1,0,0,2,0,0,2,1,0,0,1,0,0,0,2,1,2,2,1,1,2,2,0,1,1,2,1,1,1,2,0,1,0,0,1,500
1,1,0,2,2,0,2,0,1,1,0,2,0,2,0,0,2,1,1,1,2,1,1,1,0,2,1,0,2,0,1,1,0,2,0,0,0,0,1,1,0,0,2,0,2,0,0,2,1,2,1,2,0,0,2,1,1,1,0,2,2,2,0,1,2,0,0,1,2,0,0,1,2,2,0,0,1,1,0,1,0,2,2,0,1,0,2,1,1,2,2,0,2,0,0,2,1,1,2,1,500
0,1,2,2,2,0,1,0,2,1,2,1,1,0,0,0,2,0,1,2,1,0,0,0,1,0,1,0,1,0,2,1,2,2,1,0,1,0,0,0,2,0,2,0,2,0,1,2,2,2,0,1,0,0,0,0,0,2,0,0,0,0,0,1,1,0,1,0,1,2,0,2,1,0,0,2,0,2,0,1,0,0,0,2,1,1,2,0,2,0,1,1,0,2,1,1,2,1,1,1,500
0,0,1,0,0,1,1,1,0,1,0,1,0,2,0,0,1,1,0,2,2,0,1,1,2,2,0,1,0,0,0,1,1,1,1,1,0,0,1,2,1,0,1,1,1,0,0,0,1,2,2,2,0,0,0,1,1,0,2,1,2,0,0,1,2,2,1,0,1,2,1,1,1,1,0,1,1,2,0,2,0,0,1,2,1,1,0,0,2,0,0,2,0,0,2,2,1,0,2,2,500
0,1,2,2,1,0,1,1,0,0,0,2,1,1,0,0,2,0,1,2,0,0,2,0,1,0,2,0,0,0,0,0,1,0,0,2,0,1,1,0,0,0,1,0,0,2,2,0,1,2,0,2,0,0,0,1,1,1,2,1,0,1,0,0,2,2,1,1,2,2,0,2,0,1,0,1,1,1,0,2,2,1,2,0,2,0,1,2,2,2,0,2,0,0,0,2,1,1,0,2,500
2,1,2,0,2,0,2,1,0,2,0,1,1,0,1,0,2,1,0,2,0,1,2,1,0,1,0,0,2,0,1,0,0,1,2,0,0,1,0,1,0,0,2,0,1,2,1,1,0,1,1,2,0,1,0,0,1,1,2,1,1,1,0,2,2,0,0,2,0,2,0,2,1,2,0,2,0,0,0,1,2,1,1,2,2,1,0,1,0,1,2,1,2,0,2,2,2,0,1,2,500
2,1,0,2,0,2,0,1,2,0,1,2,0,0,1,0,0,1,0,1,1,1,2,1,0,1,0,0,1,1,2,1,1,1,2,2,1,1,1,2,1,1,1,1,0,0,1,1,0,0,1,1,0,2,0,0,0,1,0,0,0,0,0,2,1,0,0,0,0,2,0,0,0,2,0,1,1,2,0,0,0,1,1,2,2,2,2,2,1,0,0,2,1,2,0,1,0,1,2,2,500
2,0,1,2,2,2,0,0,1,2,0,0,2,2,2,0,2,2,2,2,1,0,1,0,1,2,0,0,1,0,0,0,0,0,0,0,1,0,0,0,0,0,1,0,1,2,0,1,1,2,0,1,0,2,1,2,1,2,0,1,1,2,0,1,2,2,1,0,1,0,0,2,2,1,0,0,1,0,0,2,1,1,0,1,2,1,0,1,1,2,1,0,1,1,2,0,1,1,1,1,500
1,2,0,1,2,2,2,1,1,1,1,0,0,2,2,0,1,0,0,2,1,1,0,0,0,2,1,1,0,1,2,2,1,2,0,1,1,2,1,2,0,2,2,2,1,2,1,2,2,2,1,2,0,2,2,0,1,1,1,1,1,2,0,0,0,2,0,0,0,2,0,0,0,1,0,2,0,2,0,1,2,2,0,2,0,1,0,1,0,1,1,0,1,1,1,0,1,1,0,2,500
2,1,1,0,2,1,1,0,1,0,0,2,1,2,0,0,2,2,0,0,0,0,2,0,0,1,2,1,1,0,1,1,2,1,1,1,0,0,0,0,1,1,1,2,0,2,0,2,0,0,2,1,0,0,1,2,1,2,0,2,0,1,0,0,1,1,1,2,2,1,0,0,2,1,0,1,1,1,0,0,1,1,2,2,2,1,1,0,1,0,2,1,2,0,1,1,0,1,2,1,500
0,2,1,2,2,1,1,1,2,2,2,0,0,0,2,0,2,2,2,0,0,1,0,1,1,1,0,1,1,1,2,1,0,1,0,0,2,1,0,1,2,2,1,0,2,1,1,0,1,0,0,0,0,1,1,2,0,1,2,2,2,2,0,1,0,2,1,1,1,1,1,1,0,2,0,1,2,0,0,1,2,1,2,1,2,0,2,1,1,1,0,0,1,2,2,0,1,1,2,1,500
0,1,1,0,1,2,0,0,1,1,0,1,2,0,0,0,1,2,0,2,2,1,1,0,0,1,1,1,2,0,2,1,1,1,0,1,2,2,1,0,1,1,0,1,1,2,1,2,0,2,0,0,0,1,1,0,1,2,0,0,2,2,0,0,0,2,1,1,2,1,1,0,2,0,0,1,1,0,0,0,1,1,1,1,1,0,2,0,1,0,1,2,1,2,1,0,2,1,0,0,500
2,0,0,0,2,1,1,0,2,2,0,0,2,1,1,0,2,1,2,1,1,0,2,0,1,0,1,0,0,0,1,1,2,1,2,0,2,2,1,2,0,2,0,2,1,1,1,2,0,1,0,0,0,2,0,0,1,1,1,1,2,0,0,0,1,1,0,1,1,1,1,0,2,0,0,1,1,0,0,2,2,0,2,1,2,2,2,2,2,2,2,2,0,1,0,0,2,1,2,2,500
0,0,0,1,0,1,1,1,0,0,0,0,0,0,2,0,0,1,1,2,0,1,0,0,2,1,0,1,2,0,2,0,0,1,1,2,2,2,1,1,2,0,1,2,2,1,0,0,0,2,0,0,0,1,2,0,1,2,2,0,2,1,0,1,2,1,0,1,0,1,1,1,1,2,0,1,0,2,0,1,0,1,1,2,1,0,2,2,2,2,2,0,2,0,1,0,1,0,0,0,500
2,0,0,1,1,2,2,1,0,2,0,0,2,2,2,0,0,0,2,0,0,1,0,1,1,2,0,0,0,0,1,0,1,1,2,0,1,0,0,1,2,2,0,2,2,0,0,1,0,0,1,2,0,2,2,0,0,1,2,2,1,2,0,0,0,0,0,2,2,2,0,1,1,2,0,2,0,1,0,1,1,0,2,2,1,2,1,2,2,0,1,2,1,2,1,0,1,0,0,1,500
2,0,0,0,0,1,2,0,1,1,1,0,2,2,2,0,2,2,2,0,0,1,1,0,2,0,1,0,0,0,0,1,1,2,0,0,2,0,0,1,0,0,1,2,2,1,1,2,1,2,0,1,0,1,1,2,1,2,1,1,0,0,0,1,0,2,0,1,1,2,0,0,1,1,0,2,1,1,0,0,0,2,1,1,0,2,2,0,1,0,0,0,2,1,2,1,2,0,1,1,500
0,2,1,2,2,0,2,1,1,0,2,2,1,2,0,0,0,0,1,0,1,1,0,1,2,1,2,0,0,0,2,1,0,2,1,2,1,2,0,0,0,2,0,2,0,2,2,1,0,0,1,1,0,1,2,1,1,0,1,0,1,0,0,2,1,0,0,2,0,0,0,0,1,2,0,0,2,2,0,1,0,1,0,2,2,0,1,1,2,2,2,1,2,2,0,2,0,0,1,1,500
2,2,0,2,2,2,1,0,2,0,1,2,0,2,2,0,1,1,0,2,2,0,1,0,1,1,2,0,2,0,2,2,0,2,0,2,2,2,1,2,0,0,0,1,1,1,2,0,2,0,0,0,0,1,0,1,1,0,1,0,2,2,0,1,0,1,0,2,1,0,1,0,0,2,0,2,1,1,0,0,2,2,2,0,0,1,1,2,0,1,0,0,0,0,1,1,0,1,0,2,500
1,1,2,0,2,0,0,0,0,1,2,2,2,0,0,0,1,0,0,2,0,0,2,1,0,2,1,1,0,1,0,1,0,1,0,0,2,2,0,2,0,0,2,2,2,0,0,1,0,0,2,1,0,0,2,1,1,2,2,0,2,2,0,0,1,1,1,1,1,1,1,2,1,0,0,0,1,2,0,0,2,0,1,0,1,1,0,1,1,1,2,2,1,1,0,2,1,0,2,1,500
0,1,1,1,1,1,0,1,0,0,2,1,1,2,2,0,0,1,0,1,1,0,2,1,0,2,2,0,0,0,0,2,0,2,1,2,0,0,1,2,0,0,1,0,2,1,0,1,2,0,2,2,0,0,1,1,0,0,0,1,0,1,0,2,1,2,1,2,0,0,0,0,2,0,0,2,2,0,0,0,2,1,0,0,0,1,0,2,2,2,0,2,2,1,2,2,1,1,0,0,500
0,0,2,1,2,1,1,0,0,0,1,1,1,0,0,0,1,2,1,1,1,1,2,1,1,0,0,0,2,1,2,1,1,2,0,1,1,0,1,0,2,0,1,0,2,1,0,2,2,2,0,2,0,2,2,1,1,0,0,0,0,2,0,1,2,2,0,0,2,1,1,1,0,1,0,1,0,2,0,2,0,0,2,1,1,0,2,2,1,0,1,0,0,0,2,2,2,1,1,1,500
2,0,0,0,2,2,1,1,2,0,1,1,2,0,2,0,1,1,1,0,1,0,0,1,2,2,0,1,0,0,2,2,2,2,1,2,1,2,1,2,2,2,0,2,0,2,0,0,0,1,2,2,0,2,2,2,1,2,2,2,1,2,0,1,2,1,0,1,2,2,0,1,2,0,0,2,0,2,0,2,2,2,1,1,0,1,1,1,1,2,2,2,2,0,2,2,1,1,1,2,500
0,1,1,0,2,2,2,0,1,0,1,0,0,2,2,0,1,2,0,2,2,0,2,0,2,0,2,1,0,1,1,2,0,0,1,2,1,2,0,0,0,1,0,1,0,0,1,2,0,2,0,1,0,0,2,0,0,0,1,1,2,0,0,0,1,0,1,1,2,2,0,0,0,0,0,2,0,2,0,0,1,0,1,2,0,1,2,0,1,2,1,2,2,2,2,0,0,0,1,1,500
2,1,1,2,0,1,1,1,2,0,0,1,0,2,2,0,2,1,0,2,1,0,0,1,2,2,2,1,2,1,2,1,2,0,0,2,2,0,1,2,2,2,1,0,2,2,1,2,1,1,1,1,0,0,0,0,0,1,0,0,0,1,0,1,0,2,1,2,1,0,1,0,0,0,0,1,1,0,0,0,0,0,0,0,0,2,2,0,0,1,2,0,2,0,0,2,2,0,1,2,500
2,2,0,0,2,0,2,0,2,2,1,0,2,1,1,0,0,2,2,1,2,1,0,1,2,2,1,1,1,1,1,2,2,1,1,0,1,0,1,0,0,0,2,1,2,0,1,0,2,1,2,1,0,2,1,1,0,1,0,0,0,1,0,0,2,2,1,0,1,0,1,1,0,1,0,1,1,1,0,1,0,2,1,2,0,1,2,0,1,0,2,1,0,0,2,1,0,1,2,2,500
2,1,1,1,2,1,0,1,2,1,1,0,1,1,2,0,2,0,0,2,2,0,1,1,2,2,2,0,1,0,0,2,2,0,1,2,2,1,0,2,2,2,2,1,1,1,0,1,0,0,1,1,0,1,1,0,0,2,1,0,2,0,0,1,2,0,1,2,1,1,1,1,1,1,0,2,2,1,0,2,2,0,2,2,1,1,2,2,2,2,2,1,1,0,1,1,0,1,1,0,500
1,2,0,1,0,1,1,0,0,1,0,0,2,1,2,0,2,0,0,0,2,1,1,0,2,0,0,0,1,0,2,1,2,1,0,1,0,1,1,2,0,2,2,2,1,1,0,1,1,0,1,1,0,2,2,1,1,2,0,1,1,0,0,1,2,2,0,0,2,1,1,2,1,1,0,0,0,2,0,2,0,2,2,2,0,2,0,1,2,2,1,0,1,0,0,0,0,0,0,2,500
1,1,0,0,2,1,0,0,1,0,1,0,2,2,2,0,0,1,2,2,1,1,2,0,2,1,2,1,1,1,2,1,0,0,0,1,0,0,1,0,1,0,1,2,0,1,2,1,1,1,0,0,0,0,2,1,1,2,2,0,0,1,0,2,1,1,1,0,1,1,0,0,1,2,0,0,0,2,0,0,1,1,0,2,0,2,0,1,2,1,1,0,2,1,2,0,0,0,0,0,500
2,1,0,0,1,1,0,1,1,2,0,1,1,1,0,0,1,0,2,2,1,0,0,1,0,1,0,1,1,0,1,1,1,1,1,0,2,1,0,0,0,1,0,2,2,0,0,0,2,2,2,1,0,0,1,2,1,0,1,1,1,0,0,1,2,0,1,1,2,1,1,1,0,0,0,0,0,0,0,0,2,2,1,1,0,0,0,0,1,0,0,1,1,2,2,0,1,1,1,0,500
2,2,2,2,0,2,2,1,2,1,2,2,2,1,2,0,2,0,1,2,1,1,2,0,0,2,1,0,2,0,1,0,0,2,2,1,2,1,0,2,2,2,1,2,0,2,0,1,0,1,2,0,0,0,0,2,1,0,1,0,2,1,0,1,0,2,0,1,1,1,1,0,1,2,0,1,1,1,0,2,0,1,0,0,2,1,2,1,2,1,1,0,0,0,1,1,2,1,1,1,500
1,0,1,2,1,0,0,0,2,0,2,1,2,0,2,0,2,2,1,2,0,0,0,1,2,0,1,1,2,0,2,2,0,0,1,1,2,0,0,1,0,2,2,2,0,0,0,2,2,2,0,2,0,1,2,2,1,0,1,2,1,0,0,1,1,1,1,0,0,0,0,2,2,2,0,2,1,2,0,2,1,1,1,2,1,0,2,0,0,1,2,0,2,2,0,0,2,1,0,1,500
2,1,2,2,0,0,0,1,0,0,2,0,1,2,0,0,0,1,2,1,0,1,1,0,0,0,0,0,0,1,1,1,0,2,2,2,2,2,0,0,0,0,2,2,1,1,1,1,1,2,1,1,0,0,0,1,0,1,0,1,0,1,0,1,0,2,1,1,1,0,0,1,1,0,0,2,0,0,0,2,2,0,2,0,1,2,2,1,2,0,1,0,0,0,2,2,0,0,1,2,500
1,0,2,1,2,0,0,0,2,2,1,2,2,0,1,0,0,2,0,2,1,0,2,0,2,2,0,1,1,0,0,2,1,2,0,2,0,2,1,0,0,0,1,0,0,2,1,1,1,1,0,0,0,0,0,0,1,0,1,1,2,1,0,0,2,2,1,1,1,1,0,1,1,2,0,1,0,2,0,1,0,0,2,2,1,2,2,2,1,1,2,2,1,0,0,0,0,0,2,1,500
0,0,0,1,2,2,2,0,1,0,0,2,0,2,0,0,0,1,0,2,2,1,1,1,2,1,2,0,0,1,2,1,2,0,2,2,2,2,0,0,1,0,1,1,0,0,0,0,1,0,0,1,0,1,1,0,0,1,0,0,1,0,0,0,0,0,0,0,0,2,1,2,0,2,0,2,2,2,0,2,0,2,0,0,1,0,2,1,2,0,2,1,0,1,0,0,0,0,2,0,500
0,2,2,0,1,2,0,1,1,2,0,2,2,2,1,0,2,2,2,1,1,1,0,1,2,2,1,1,0,0,1,2,2,2,0,2,0,0,1,1,2,1,1,0,0,1,1,0,1,0,1,1,0,2,1,2,0,0,0,0,0,2,0,2,1,1,1,2,1,1,1,1,1,2,0,1,0,0,0,1,0,1,2,1,0,2,2,0,2,2,0,2,2,2,2,1,2,0,2,0,500
2,1,0,2,2,0,2,0,0,2,0,0,1,2,0,0,2,1,1,1,0,1,1,0,2,2,2,0,2,1,0,0,1,2,2,0,2,2,1,1,1,1,1,1,0,2,0,0,2,2,0,1,0,2,0,1,0,1,0,0,2,1,0,2,1,0,0,2,1,2,0,1,1,2,0,1,1,2,0,2,2,2,1,0,0,1,0,1,0,1,0,1,0,0,0,1,2,1,0,1,500
1,1,0,0,2,2,2,1,2,2,0,2,0,1,2,0,2,2,0,1,2,0,2,1,0,1,0,1,2,0,0,1,1,1,0,2,1,0,1,1,0,0,0,0,1,1,2,2,2,2,1,2,0,2,1,1,1,1,1,0,2,0,0,2,1,1,1,2,1,1,0,0,2,1,0,0,2,0,0,0,2,2,0,1,0,2,1,1,0,1,0,2,0,1,1,2,1,1,0,0,500
0,0,1,0,1,0,2,0,2,0,1,1,2,2,1,0,1,0,0,1,2,1,2,0,1,2,0,0,2,0,1,0,0,0,1,1,0,0,0,2,0,2,1,0,0,0,0,2,1,0,0,2,0,0,0,1,0,1,0,0,1,0,0,2,2,1,1,0,1,1,0,0,1,1,0,1,2,2,0,0,0,1,1,0,1,1,0,2,2,0,0,2,0,1,1,2,1,1,2,1,500
1,0,1,2,0,2,2,1,1,0,0,0,0,0,0,0,2,1,2,2,1,0,2,0,2,1,1,1,0,0,0,1,2,1,0,2,1,2,0,1,0,1,2,0,1,1,1,0,2,0,0,2,0,1,0,1,0,0,1,0,2,0,0,0,0,2,0,2,2,2,1,2,0,2,0,2,0,0,0,0,0,2,0,2,1,2,0,1,1,0,0,0,2,1,1,0,0,0,0,0,500
1,0,0,2,1,2,1,0,0,0,1,1,1,0,1,0,1,0,0,1,0,0,1,0,2,1,0,1,2,1,0,1,2,2,2,1,0,1,1,2,1,1,0,2,2,2,1,2,1,0,2,2,0,1,0,2,1,0,0,1,0,2,0,2,0,1,1,1,0,0,0,1,2,1,0,0,1,1,0,0,1,2,0,1,0,1,0,1,1,1,0,1,2,1,0,1,2,0,0,1,500
0,1,0,0,1,0,1,0,1,2,1,0,1,0,1,0,2,2,1,0,0,1,1,1,1,2,0,1,2,0,1,0,0,1,1,2,1,2,1,0,0,2,2,1,1,2,1,2,2,1,1,1,0,2,1,2,0,1,2,0,1,1,0,0,2,2,1,0,0,0,0,1,2,0,0,1,0,0,0,2,2,2,0,0,0,0,0,1,0,1,2,2,2,0,0,2,0,0,1,0,500
1,1,0,1,2,1,2,1,1,2,2,1,2,1,1,0,1,2,0,0,2,1,0,1,0,2,1,1,1,0,1,2,0,2,1,2,1,2,0,1,2,0,0,2,0,1,0,0,0,1,2,1,0,2,0,0,1,2,0,0,2,2,0,1,0,1,1,0,1,2,1,2,1,2,0,0,2,2,0,1,2,1,1,2,0,0,2,2,1,0,0,2,0,0,0,1,2,0,0,0,500
2,2,1,0,0,1,1,1,1,1,0,0,0,2,1,0,1,0,1,2,1,0,1,0,1,1,1,0,0,0,2,0,1,0,1,0,0,2,1,1,1,1,0,1,2,2,0,1,2,2,0,0,0,2,1,2,1,0,0,0,0,2,0,1,0,0,1,0,0,2,0,1,0,2,0,1,0,0,0,1,2,2,2,1,0,2,1,0,1,2,0,2,2,0,2,0,2,0,0,1,500
1,0,2,0,0,2,0,0,2,1,0,2,0,0,2,0,0,0,1,1,1,0,0,0,1,0,1,0,0,1,0,0,2,0,0,1,2,2,0,2,2,1,2,1,0,0,2,0,0,2,0,0,0,0,1,1,1,1,0,1,0,0,0,0,0,0,0,2,0,2,0,1,1,2,0,1,1,1,0,1,1,0,2,0,1,2,0,1,2,1,2,2,0,1,0,0,0,0,0,0,500
0,2,0,2,2,2,0,0,2,0,1,0,2,0,2,0,2,0,1,1,2,0,1,1,1,0,1,0,0,0,1,0,2,1,0,0,1,0,0,1,1,1,0,0,2,1,2,2,0,1,0,0,0,2,0,0,1,1,2,1,1,0,0,0,1,2,0,1,0,1,1,0,1,1,0,1,0,1,0,0,2,0,1,2,2,1,2,2,0,0,0,1,1,2,2,1,0,0,1,2,500
0,1,1,2,2,2,0,1,0,1,0,1,1,2,2,0,1,1,1,2,0,0,0,1,1,0,0,1,0,1,1,1,1,1,2,2,0,1,0,0,0,2,0,0,0,1,0,1,0,2,1,0,0,2,0,2,1,1,2,0,1,0,0,0,2,2,1,1,2,0,0,1,2,0,0,2,2,1,0,1,0,1,1,0,0,2,2,0,2,2,0,0,2,1,2,1,1,1,0,2,500
2,2,1,1,2,0,2,0,0,1,2,0,2,2,2,0,0,2,1,1,1,1,2,1,1,2,1,0,1,0,0,1,0,0,1,1,2,1,0,2,2,1,0,2,1,2,1,0,1,1,2,0,0,0,1,2,1,2,0,2,2,0,0,0,0,1,1,1,0,0,1,0,0,0,0,1,1,2,0,1,1,2,2,2,1,1,2,2,2,2,2,0,0,2,0,1,1,0,1,2,500
0,1,1,2,2,2,1,1,0,2,2,0,2,2,2,0,0,1,1,1,1,1,2,0,0,2,1,1,0,0,0,0,0,2,1,0,1,0,0,2,2,1,1,1,0,2,2,2,1,1,2,1,0,2,2,1,0,1,2,0,2,1,0,1,0,1,1,2,1,2,0,0,1,0,0,0,0,0,0,2,2,2,1,2,2,2,2,0,1,1,1,0,1,2,1,1,2,1,1,0,500
0,2,0,0,0,1,1,1,1,0,1,0,0,0,2,0,0,0,2,2,2,0,0,0,2,1,0,1,2,0,1,0,2,0,1,2,2,1,1,0,2,0,0,1,0,2,2,1,1,2,2,1,0,2,2,1,1,0,1,2,1,0,0,0,1,2,1,1,0,1,1,0,1,1,0,0,0,0,0,1,2,2,1,2,1,2,1,0,2,1,1,0,0,0,1,2,2,1,1,1,500
0,1,0,1,1,2,0,1,1,0,2,2,2,2,2,0,0,2,0,0,2,1,2,1,1,0,2,1,1,0,1,0,0,2,2,0,1,2,0,0,2,1,2,2,2,0,1,1,2,0,2,0,0,2,2,0,1,1,1,2,1,0,0,1,0,1,0,1,0,2,1,2,1,1,0,1,1,1,0,1,2,1,1,2,2,2,2,0,1,2,2,0,0,1,1,2,2,0,2,0,500
0,0,2,0,2,1,0,1,2,1,2,2,2,2,0,0,2,1,0,2,0,1,2,1,1,1,0,0,2,0,1,0,0,2,2,1,2,0,0,1,1,2,0,1,0,1,1,1,0,0,1,0,0,2,2,2,1,0,0,0,1,0,0,0,2,2,1,1,0,1,1,2,1,1,0,0,1,1,0,2,0,2,0,1,2,1,0,0,0,2,0,2,2,0,0,2,2,0,0,0,500
0,0,1,2,1,0,2,0,2,2,2,1,2,1,0,0,2,2,2,0,0,1,2,1,0,2,1,0,1,1,0,0,0,2,2,1,0,2,1,0,2,1,0,2,1,1,2,0,0,2,2,0,0,2,1,2,0,0,1,0,2,0,0,0,1,0,0,2,2,2,0,2,0,0,0,1,1,1,0,1,1,0,2,1,1,1,1,1,2,0,0,0,2,1,0,2,2,0,0,1,500
0,0,0,1,2,1,1,0,1,0,1,1,1,0,1,0,2,1,0,2,1,0,1,1,1,2,1,1,1,0,0,1,1,0,1,0,2,1,1,0,0,2,1,0,2,2,0,1,1,0,1,0,0,2,1,0,1,1,2,0,1,2,0,1,0,0,0,2,2,0,1,2,1,2,0,0,1,0,0,2,1,2,2,1,1,2,0,0,0,2,2,1,0,1,1,1,0,1,0,1,500
2,1,1,0,0,1,2,1,0,1,0,1,2,0,0,0,2,2,1,1,2,1,1,0,1,1,2,0,0,0,0,0,1,2,2,2,1,1,1,2,0,1,2,1,2,0,1,1,2,2,1,2,0,1,1,2,1,1,2,0,0,1,0,1,0,2,1,2,1,2,1,0,2,2,0,2,1,2,0,1,1,1,0,0,2,0,2,1,0,0,1,1,2,0,1,0,2,1,2,0,500
2,0,2,0,0,1,1,0,1,0,0,1,0,1,0,0,1,1,2,0,1,0,1,0,2,2,0,0,0,1,1,0,2,0,1,2,1,1,0,2,0,1,2,0,1,2,2,2,0,2,2,2,0,0,2,0,1,1,2,0,1,1,0,2,2,2,1,2,0,0,1,1,1,1,0,1,0,0,0,0,0,2,2,0,2,2,1,1,2,1,0,2,1,1,0,0,2,0,0,0,500
2,1,2,2,1,0,1,0,1,2,1,1,1,2,0,0,0,2,0,0,0,1,0,0,0,0,2,1,0,0,2,0,1,2,0,1,2,1,0,0,0,0,1,2,0,2,1,1,0,2,0,0,0,0,2,0,1,2,1,2,0,0,0,2,2,0,0,0,2,0,0,0,0,2,0,0,2,1,0,1,1,1,2,0,2,0,1,0,2,0,0,0,0,0,2,1,1,1,1,1,500
1,0,1,0,1,1,2,1,0,1,1,0,2,2,2,0,2,2,1,0,2,1,2,0,1,0,2,0,2,1,2,1,2,0,2,1,0,1,0,2,0,0,0,0,1,1,2,1,0,2,1,0,0,2,2,2,1,0,2,2,1,2,0,0,2,2,1,0,1,0,0,2,2,0,0,2,0,1,0,2,2,2,0,0,1,0,2,1,0,1,0,1,0,0,0,2,0,1,1,0,500
0,2,0,0,1,2,2,0,1,2,1,0,1,0,1,0,0,2,0,2,1,1,1,0,1,0,1,1,1,0,1,0,2,0,1,2,2,0,1,2,0,1,0,1,0,0,1,0,2,2,1,0,0,2,2,1,0,2,2,2,0,2,0,2,0,1,0,0,0,0,1,1,0,2,0,2,0,2,0,1,2,2,2,1,1,0,0,2,2,2,2,1,1,2,0,0,1,0,2,1,500
0,1,2,0,1,2,1,1,1,0,1,1,2,1,0,0,1,2,2,1,1,0,1,1,2,1,1,0,0,1,0,0,2,1,0,0,0,0,0,2,2,2,0,0,0,0,1,1,0,2,1,1,0,2,0,0,1,2,1,0,0,1,0,2,2,0,0,2,2,2,1,0,2,2,0,2,1,2,0,1,0,1,1,1,1,2,0,0,1,0,1,2,0,1,0,2,2,0,2,1,500
0,2,2,0,2,1,2,1,0,0,0,1,0,1,2,0,0,2,1,1,2,0,1,1,1,0,0,0,1,0,1,1,1,0,1,1,0,2,0,2,2,1,2,1,2,1,2,1,0,1,0,2,0,2,1,0,0,0,0,0,0,2,0,0,2,0,1,2,2,1,1,2,2,0,0,0,1,1,0,2,2,1,2,1,2,0,0,1,2,1,1,1,2,1,1,0,2,1,1,1,500
0,0,1,1,0,1,1,0,0,0,0,0,1,1,0,0,0,0,1,2,0,1,2,1,0,1,2,1,0,0,2,2,0,2,0,1,2,2,0,1,2,2,0,1,0,0,0,0,1,1,1,1,0,0,2,2,0,1,1,1,2,2,0,0,2,2,0,2,1,0,1,2,0,1,0,2,2,2,0,1,1,0,1,1,0,1,1,1,1,1,1,1,2,0,1,1,2,0,2,0,500
0,2,0,1,0,1,1,1,1,1,0,1,2,0,2,0,2,2,2,0,0,0,2,1,2,2,0,0,0,1,0,1,0,1,0,2,1,2,0,1,0,1,0,1,2,2,1,2,0,2,2,2,0,1,0,1,0,2,1,0,1,0,0,0,2,1,0,2,0,0,0,2,0,2,0,2,1,2,0,0,2,1,1,2,0,1,1,2,0,2,0,2,2,0,0,0,0,1,2,0,500
1,0,2,2,2,2,1,0,0,2,2,2,0,2,2,0,1,2,0,2,0,0,1,0,0,2,2,0,0,0,0,2,0,2,0,1,1,1,1,1,0,1,1,2,1,2,2,0,0,2,1,1,0,0,0,0,1,2,1,2,1,2,0,1,2,1,1,0,1,0,1,2,0,1,0,1,2,1,0,2,2,2,2,0,0,0,2,1,2,1,1,1,2,0,1,2,2,1,1,1,500
1,1,0,0,1,1,0,0,2,0,0,2,2,2,1,0,0,2,1,1,1,1,0,0,1,0,1,1,1,0,1,0,0,2,1,1,1,1,1,0,1,0,2,0,2,0,2,0,0,1,1,0,0,1,2,0,0,2,2,1,0,0,0,1,2,2,1,1,2,0,1,2,1,1,0,2,1,1,0,1,0,1,0,0,2,2,2,0,1,0,2,0,2,0,2,0,1,1,0,2,500
1,0,0,0,1,0,1,1,1,1,2,1,1,2,0,0,0,0,1,1,2,0,0,0,0,2,0,0,0,0,1,2,0,1,2,1,2,0,0,2,1,0,0,0,1,1,2,1,0,0,2,0,0,0,1,2,0,2,1,2,2,0,0,1,1,0,1,1,1,2,0,0,0,1,0,1,0,1,0,0,0,0,2,0,1,1,1,1,1,0,2,1,1,1,1,1,0,1,2,1,500
2,1,1,0,0,0,1,1,1,0,2,1,0,1,1,0,0,2,0,2,2,0,1,0,2,0,1,0,0,1,1,1,0,0,0,2,1,1,1,2,0,2,0,1,0,1,0,0,0,2,2,0,0,2,0,1,0,1,0,2,0,2,0,0,2,0,1,1,0,1,1,0,2,0,0,2,2,2,0,0,0,0,0,0,1,2,2,0,1,1,1,1,2,0,1,2,1,1,0,1,500
0,1,0,0,1,1,2,0,1,1,1,1,0,2,2,0,0,0,0,1,0,0,0,1,1,0,1,1,2,1,1,1,2,1,0,2,2,0,1,1,1,0,1,1,2,0,0,2,2,0,0,2,0,1,1,2,1,1,2,1,2,1,0,1,1,0,0,0,0,1,1,0,2,1,0,2,2,0,0,0,2,1,2,2,1,1,0,0,2,0,1,0,1,1,0,2,0,1,2,0,500
1,1,1,1,1,0,2,0,2,1,2,2,2,2,0,0,2,2,1,2,2,0,0,1,2,1,0,0,1,0,0,1,2,2,0,2,0,0,0,2,1,1,1,0,1,0,2,1,0,1,2,0,0,0,1,1,0,2,1,2,2,1,0,2,2,0,1,2,0,0,0,2,0,2,0,1,0,0,0,2,2,1,0,1,1,0,1,1,1,2,1,0,2,1,0,2,2,0,1,2,500
2,2,2,1,2,2,0,0,2,2,2,2,0,2,2,0,1,1,1,0,2,0,2,1,1,1,1,0,1,0,1,1,2,1,1,1,1,1,0,2,2,2,0,1,2,0,2,1,1,2,2,0,0,0,2,1,0,1,2,2,2,2,0,0,1,1,1,0,2,0,0,0,1,2,0,2,0,2,0,2,1,2,1,0,2,0,0,1,0,1,2,0,2,1,0,2,1,0,1,0,500
2,1,2,2,2,0,1,0,1,1,2,2,0,2,1,0,1,1,2,0,2,0,0,0,0,0,2,0,1,1,1,2,0,2,2,2,0,0,0,1,2,2,1,1,0,0,2,0,1,2,2,1,0,2,1,2,0,1,1,2,1,2,0,2,2,0,1,2,0,2,1,0,1,1,0,0,2,1,0,0,1,1,2,0,2,2,0,2,0,1,1,0,2,0,1,2,0,1,2,1,500
1,2,1,1,2,1,2,1,1,0,1,2,1,1,2,0,1,0,2,0,0,0,1,1,0,0,2,1,0,0,2,2,1,1,1,1,1,2,1,0,2,0,2,2,2,1,2,2,0,0,2,2,0,0,1,1,1,2,1,1,0,1,0,2,2,2,1,1,1,2,1,0,1,0,0,1,2,2,0,2,2,0,2,1,1,1,0,0,1,1,1,0,2,2,1,1,1,1,2,1,500
2,2,2,0,2,1,0,0,1,1,0,2,0,2,1,0,2,0,0,1,2,1,1,0,0,0,1,0,2,0,0,1,1,0,1,2,1,2,0,0,1,1,1,1,1,1,2,0,1,0,2,2,0,2,2,1,1,2,1,2,2,0,0,0,0,2,1,1,0,0,0,1,2,0,0,2,0,2,0,2,0,2,0,0,0,2,0,1,2,2,1,2,1,1,2,2,1,0,0,1,500
2,0,2,1,2,1,0,0,1,2,0,2,0,0,2,0,1,1,0,2,1,0,2,0,1,1,1,0,2,1,0,1,1,2,2,1,2,1,0,1,1,2,2,2,1,0,2,1,0,1,2,0,0,2,1,0,1,1,0,2,1,1,0,2,0,1,1,1,0,1,1,1,0,1,0,1,1,1,0,2,1,1,0,1,0,0,1,1,0,2,1,2,1,1,1,0,0,0,0,0,500
1,1,1,2,2,1,1,1,0,2,1,1,0,2,2,0,1,0,0,1,2,1,2,1,0,0,1,0,0,0,2,1,1,2,1,2,2,0,0,0,1,1,0,0,1,2,0,0,0,0,0,1,0,2,2,2,1,0,0,0,0,0,0,1,0,0,0,2,0,0,1,0,1,0,0,0,1,0,0,0,1,0,0,1,1,0,1,0,2,1,1,1,0,2,2,0,0,1,1,2,500
0,1,2,1,0,1,0,0,0,1,0,1,2,2,0,0,1,1,0,2,0,0,1,1,2,0,2,0,2,0,1,2,0,1,1,2,0,0,1,1,1,0,0,2,0,1,2,2,2,2,2,0,0,2,2,2,1,1,1,1,2,1,0,2,0,1,0,1,2,1,0,0,2,2,0,2,1,0,0,2,2,0,0,0,2,0,2,1,1,2,1,0,0,0,2,0,1,1,2,1,500
1,0,1,2,1,2,2,0,0,2,0,2,2,0,1,0,2,1,0,1,0,1,1,1,0,1,1,1,1,0,0,1,0,2,0,2,2,1,0,1,0,2,1,2,2,0,1,0,1,0,0,0,0,0,2,1,0,0,1,0,2,0,0,1,1,0,1,2,1,0,0,0,0,1,0,0,0,0,0,2,1,1,1,0,2,0,0,0,0,1,0,2,0,2,2,2,0,0,1,2,500
2,0,2,2,0,1,1,0,0,0,1,2,0,1,0,0,2,1,1,2,2,1,1,1,2,0,0,1,1,0,0,0,0,0,0,2,0,2,1,2,0,0,2,1,0,1,1,1,1,2,1,0,0,2,1,0,0,2,0,0,0,2,0,2,1,0,0,0,2,1,0,0,0,2,0,1,1,2,0,1,0,1,0,1,1,0,2,0,1,1,1,1,2,2,2,1,2,0,0,1,500
1,1,0,1,0,0,0,0,0,0,2,0,2,2,2,0,2,2,1,0,2,0,0,1,1,0,1,1,2,0,2,2,0,1,0,1,1,0,0,0,2,1,1,1,1,1,0,2,2,0,1,1,0,2,2,1,1,0,2,1,2,1,0,1,0,1,1,2,0,2,0,2,1,1,0,1,1,1,0,2,2,1,2,2,2,0,1,1,1,2,0,0,0,0,1,0,0,1,1,0,500
2,0,2,2,1,0,0,1,0,1,1,2,1,2,2,0,2,2,2,2,2,1,1,1,1,2,2,0,2,0,2,2,0,2,1,1,0,1,0,0,2,0,0,2,1,2,2,0,1,2,1,0,0,0,2,1,0,0,1,1,0,0,0,2,2,2,1,1,0,1,1,0,1,1,0,2,2,0,0,2,0,0,2,2,0,2,1,2,0,1,2,2,0,2,2,0,1,1,2,0,500
2,0,2,0,2,0,0,0,0,0,1,1,0,0,2,0,1,2,0,0,0,0,2,0,2,2,1,0,0,1,0,0,2,2,0,2,1,0,1,2,1,2,1,1,2,0,1,1,1,2,0,0,0,1,2,0,0,2,2,1,2,2,0,0,1,1,1,2,0,2,0,1,1,1,0,2,1,1,0,2,2,2,2,0,0,2,2,0,1,1,1,2,0,2,0,0,2,1,2,0,500
2,2,0,1,2,0,2,0,1,2,2,2,0,0,0,0,1,0,1,1,1,1,0,1,0,0,2,1,0,1,0,2,2,1,0,1,2,0,0,0,1,2,1,1,1,0,2,0,2,0,0,2,0,0,2,2,1,2,1,1,1,1,0,2,2,0,1,2,1,1,1,1,2,1,0,1,2,2,0,0,1,1,0,0,2,2,2,2,1,1,0,1,0,2,0,0,1,0,1,1,500
1,0,0,0,1,1,1,1,0,0,2,2,2,1,2,0,1,0,0,2,1,1,1,1,1,1,0,1,1,1,1,2,0,0,0,0,2,1,0,1,0,1,2,2,2,0,2,2,0,2,2,2,0,2,1,0,1,0,2,0,2,0,0,2,1,2,0,2,2,2,0,2,1,2,0,1,0,1,0,0,0,0,1,2,0,1,1,2,1,1,0,2,1,0,2,2,0,1,0,2,500
1,2,2,1,1,2,2,1,2,0,0,2,1,0,2,0,2,2,0,2,1,1,0,0,2,1,0,0,0,0,0,2,0,1,0,0,0,1,0,0,0,1,2,0,0,1,2,1,0,0,0,2,0,1,0,2,0,0,2,0,1,1,0,2,0,0,0,1,2,2,0,1,2,1,0,1,0,2,0,1,0,0,0,2,2,1,2,1,2,0,2,2,1,2,1,2,1,0,1,2,500
0,0,1,2,2,1,1,1,2,1,2,2,1,1,1,0,0,0,2,0,2,0,2,0,1,1,1,1,1,0,1,0,1,1,2,1,1,1,0,1,1,1,0,1,1,0,1,2,1,2,0,2,0,2,0,1,0,1,1,2,0,2,0,1,2,1,0,0,1,0,1,2,1,1,0,0,1,0,0,2,1,1,0,0,0,0,2,0,2,0,2,2,0,2,2,1,1,0,1,0,500
0,0,2,1,1,2,2,1,1,1,2,0,2,0,2,0,1,2,1,1,1,0,0,0,1,2,0,0,2,0,1,2,0,2,1,1,2,0,1,2,0,2,2,2,0,1,1,0,2,0,0,1,0,2,0,1,0,0,2,0,2,0,0,0,0,1,1,1,1,1,0,2,2,2,0,2,2,2,0,0,2,0,2,0,2,2,2,0,1,0,1,1,2,0,1,0,1,0,1,1,500
1,0,1,1,0,2,1,1,1,2,2,1,1,0,1,0,2,2,1,0,2,1,1,1,2,2,0,1,1,1,1,1,2,0,2,2,0,2,1,1,0,2,1,2,2,1,0,2,2,2,1,2,0,0,0,0,1,2,2,2,2,1,0,1,1,1,1,2,0,2,0,1,1,2,0,2,2,2,0,1,1,1,0,0,1,0,1,1,2,0,0,1,1,1,0,0,0,1,2,0,500
0,1,1,2,0,1,2,1,1,1,2,1,1,1,1,0,1,0,2,2,2,1,2,1,2,0,2,1,2,0,1,1,2,0,2,2,0,0,0,2,0,1,2,1,2,1,2,1,2,2,1,0,0,0,2,0,1,0,0,0,1,1,0,2,1,1,1,0,1,1,1,0,1,1,0,0,1,2,0,1,0,1,2,2,2,0,0,2,2,2,2,0,0,1,2,0,2,1,2,1,500
0,0,1,0,1,2,0,1,1,2,1,0,0,0,0,0,0,1,1,1,1,1,1,0,1,0,0,1,1,1,0,1,2,1,1,0,2,0,1,0,1,2,1,2,0,1,2,1,1,1,2,2,0,2,2,2,1,2,0,2,2,1,0,1,0,2,0,0,0,1,0,1,0,2,0,2,0,2,0,2,0,2,1,2,1,2,1,1,1,0,2,0,2,2,0,2,0,0,1,2,500
1,1,1,2,1,1,1,1,1,2,0,1,1,0,0,0,2,1,1,1,2,0,2,1,1,1,1,1,0,1,1,1,1,0,1,1,2,0,0,0,1,1,0,1,1,1,1,1,2,1,2,2,0,0,2,1,1,0,1,0,2,1,0,0,2,2,1,0,2,2,0,2,0,1,0,2,0,2,0,0,2,2,1,2,1,2,0,2,0,2,0,2,0,2,1,2,2,1,1,0,500
1,1,0,1,1,2,0,0,2,2,1,0,2,0,0,0,1,1,1,2,0,1,2,1,0,0,1,1,0,1,2,0,2,0,0,1,2,2,1,0,2,2,2,2,1,0,0,1,1,0,2,1,0,1,0,0,1,0,1,1,1,0,0,1,2,0,0,2,1,0,0,2,2,0,0,0,0,2,0,0,1,1,2,2,0,0,1,0,0,0,2,2,2,2,2,2,1,1,1,1,500
2,2,0,2,2,0,1,1,1,1,1,0,0,0,2,0,1,0,1,1,0,1,0,0,1,2,2,1,1,1,2,2,0,2,1,0,1,1,1,2,0,1,0,2,0,2,0,2,0,2,2,1,0,1,1,2,0,2,2,1,0,1,0,1,1,2,0,2,0,2,0,2,1,1,0,2,0,2,0,0,0,2,0,0,1,0,0,0,1,2,1,2,1,2,0,2,2,0,2,0,500
2,0,1,1,1,1,1,1,2,1,1,1,2,0,2,0,0,2,1,1,2,1,1,0,2,1,1,0,2,0,0,1,1,1,2,2,0,0,0,0,2,0,1,0,2,1,0,2,1,1,2,0,0,2,2,1,1,0,0,2,1,0,0,0,0,2,0,2,1,0,1,0,0,1,0,0,2,0,0,0,2,1,0,1,2,2,2,2,0,2,1,1,2,1,2,2,2,0,0,2,500
0,1,1,1,2,1,2,1,2,0,2,1,0,1,2,0,2,1,0,2,2,1,2,1,0,0,1,1,0,1,1,2,2,1,2,0,0,2,0,0,1,0,0,2,2,1,0,1,0,1,2,2,0,2,0,1,1,1,1,2,1,1,0,0,2,2,1,2,2,0,0,1,1,0,0,2,1,1,0,1,1,2,1,1,1,0,2,2,0,1,1,0,1,1,1,0,2,0,1,2,500
0,2,2,0,1,1,2,1,2,1,2,2,0,2,1,0,0,0,0,2,0,1,1,0,2,0,1,1,1,0,0,1,2,0,2,0,2,0,1,2,0,1,2,2,1,1,2,1,2,0,0,0,0,0,2,2,1,0,0,2,0,1,0,0,2,0,1,2,1,2,0,1,0,2,0,2,2,1,0,1,1,0,1,0,2,0,0,0,0,0,0,2,2,0,2,2,1,1,2,1,500
0,0,0,0,0,1,2,1,0,2,0,2,2,0,1,0,0,1,0,0,1,1,1,1,1,1,2,1,0,1,2,1,2,1,0,1,1,1,0,2,0,0,0,2,0,2,2,0,0,2,0,2,0,0,0,2,0,1,2,1,2,2,0,0,0,0,0,1,0,2,1,2,0,0,0,1,0,2,0,2,0,2,1,2,1,1,2,1,0,0,0,1,2,1,1,2,1,1,0,1,500
0,2,2,2,1,2,2,1,0,0,0,0,2,2,1,0,2,0,2,1,0,1,1,1,0,2,2,1,1,1,1,1,0,2,0,2,2,2,1,0,1,0,1,1,2,0,0,1,1,1,2,1,0,1,2,2,1,0,0,1,2,2,0,0,0,2,1,0,2,1,1,2,2,1,0,2,1,1,0,2,1,1,2,1,2,1,1,0,1,0,0,1,1,2,2,0,1,0,0,2,500
0,2,1,0,0,1,2,1,2,0,0,2,0,2,1,0,0,2,2,0,0,1,1,0,1,1,2,0,2,0,2,0,2,0,1,1,2,2,1,0,1,2,0,2,1,2,1,2,1,2,1,2,0,1,1,0,0,2,0,0,0,0,0,1,2,0,1,1,0,0,1,2,2,0,0,1,2,0,0,2,2,0,1,0,1,0,2,0,0,1,1,0,2,0,1,1,1,0,1,2,500
1,1,2,0,1,2,1,0,1,2,0,1,2,1,1,0,2,1,0,2,0,0,1,0,1,2,2,0,0,0,0,1,1,1,1,1,2,0,1,1,0,1,2,2,1,1,2,2,2,1,2,1,0,2,2,1,0,2,2,2,2,1,0,0,0,2,0,0,0,0,1,1,1,0,0,1,2,1,0,1,1,2,1,1,2,2,1,0,0,1,0,1,2,2,2,2,2,1,1,1,500
1,2,0,0,1,2,0,0,1,1,0,0,2,1,0,0,0,0,0,0,2,0,1,1,0,2,1,0,0,0,0,1,2,1,1,0,0,1,1,2,2,2,1,0,1,2,2,0,0,0,2,1,0,0,1,0,0,0,2,1,2,1,0,2,1,1,1,0,0,0,1,0,0,2,0,1,2,1,0,0,1,2,0,2,1,2,1,1,2,1,0,1,0,1,1,0,2,0,2,2,500
0,1,0,2,2,0,1,0,0,1,2,2,2,0,2,0,0,2,0,1,0,1,1,0,1,1,1,1,1,0,0,2,2,2,0,2,1,1,0,0,2,2,1,2,2,0,0,1,2,1,1,1,0,0,1,0,1,2,0,0,1,0,0,1,1,1,1,2,0,1,1,1,0,0,0,2,0,0,0,1,0,1,2,0,2,2,0,1,2,1,0,1,2,2,2,1,0,0,2,2,500
0,2,1,0,2,2,2,1,0,0,1,0,0,1,2,0,0,2,2,0,0,0,1,0,0,1,0,0,2,1,2,0,2,0,0,2,2,1,0,2,0,1,1,2,0,1,2,0,0,0,1,0,0,1,2,2,1,0,2,1,1,2,0,1,1,0,0,0,1,2,1,1,1,0,0,0,0,1,0,2,0,0,2,2,0,2,0,0,1,2,2,0,0,0,1,2,0,0,1,1,500
2,2,1,0,2,1,0,1,1,1,2,1,0,0,0,0,2,1,1,1,2,1,0,0,2,1,0,1,1,0,1,0,1,1,2,1,0,0,0,1,2,2,0,1,1,1,1,2,1,0,0,2,0,0,1,1,1,1,0,1,0,2,0,0,1,1,0,2,0,1,1,2,0,1,0,2,1,0,0,1,0,2,1,1,2,2,2,0,1,2,0,0,2,0,1,0,2,1,0,2,500
1,1,2,1,0,2,1,0,2,2,1,2,2,2,1,0,2,1,2,1,1,1,1,1,0,2,1,1,1,1,2,1,2,0,2,1,2,1,0,1,1,1,1,0,2,1,0,0,0,2,2,1,0,1,0,1,0,2,1,2,2,2,0,1,0,1,0,0,1,0,1,0,1,2,0,2,2,1,0,2,2,2,2,2,2,1,0,2,2,1,0,1,2,2,1,2,0,0,1,2,500
0,0,0,1,0,2,2,1,0,1,0,0,2,2,1,0,2,2,1,0,2,1,2,0,2,2,0,0,0,1,1,2,2,0,0,1,2,0,0,0,2,0,0,2,0,0,0,0,0,0,1,0,0,2,1,2,0,2,2,1,1,2,0,2,1,0,0,0,2,1,1,0,1,1,0,0,2,2,0,1,0,0,2,0,1,2,1,0,2,0,2,0,0,0,0,1,0,0,1,0,500
1,0,2,1,2,1,2,0,0,0,0,0,1,2,1,0,1,0,0,0,1,0,0,0,2,1,1,1,0,1,2,1,2,0,1,1,1,0,0,1,2,1,1,0,1,0,2,0,1,2,0,1,0,2,0,0,1,1,0,0,0,0,0,1,2,1,0,0,0,2,1,2,2,1,0,1,2,1,0,2,0,1,1,1,1,0,2,1,1,1,1,2,0,2,0,2,2,1,2,1,500
1,0,1,2,0,2,1,0,2,2,1,0,0,1,1,0,2,1,1,2,0,1,0,1,0,0,1,0,1,1,2,1,2,1,2,0,1,1,0,2,2,2,1,0,0,0,0,1,0,1,2,2,0,0,0,1,0,1,0,1,2,0,0,2,2,1,0,0,0,2,0,0,2,2,0,0,0,1,0,0,2,0,0,0,0,1,2,2,0,0,2,2,0,0,1,0,2,0,2,2,500
1,0,1,0,1,0,2,0,2,2,2,0,2,2,0,0,1,0,2,1,1,0,0,1,0,2,1,1,0,0,1,0,0,1,2,2,1,0,0,2,1,2,1,0,2,1,1,1,0,1,0,2,0,0,2,2,1,0,1,2,1,2,0,2,0,0,1,2,1,2,0,2,1,1,0,2,2,1,0,1,0,0,2,0,2,2,2,2,0,1,1,1,0,1,0,2,1,0,1,1,500
1,1,2,0,0,2,2,1,0,0,0,2,0,1,0,0,0,0,0,0,2,0,2,1,2,0,0,1,1,1,2,2,0,0,2,2,1,2,1,0,2,2,0,0,1,1,0,0,1,2,0,0,0,0,0,0,0,0,1,0,0,0,0,0,0,1,1,2,2,1,1,2,0,1,0,0,1,0,0,0,1,0,1,2,0,2,0,1,2,1,2,1,1,1,1,2,1,0,0,0,500
0,0,1,0,1,0,1,0,0,1,1,2,2,1,2,0,1,2,0,0,0,1,2,1,1,1,1,1,2,1,1,2,0,1,1,1,1,1,0,1,2,2,0,1,1,2,1,1,2,1,0,1,0,2,0,0,1,2,1,0,1,2,0,0,2,1,0,1,1,1,1,1,0,2,0,2,1,0,0,2,1,1,0,0,1,1,2,1,2,1,0,1,2,1,0,0,0,0,1,1,500
2,0,0,2,0,0,0,1,2,0,0,1,2,1,0,0,0,0,0,0,2,0,0,1,0,0,2,1,2,0,2,2,0,2,0,0,2,1,1,2,2,2,2,0,0,1,1,0,2,2,0,0,0,2,1,2,0,0,1,1,0,2,0,2,2,0,1,0,2,0,1,0,2,1,0,2,2,0,0,1,1,0,1,0,2,1,2,0,2,2,0,2,0,0,0,0,2,0,2,0,500
0,1,0,0,0,2,2,0,2,0,0,1,2,1,1,0,2,0,2,1,1,0,2,1,2,2,2,0,1,1,1,1,0,0,2,2,2,0,0,1,1,0,2,2,0,1,0,1,0,0,0,1,0,1,2,1,1,0,1,1,2,1,0,2,0,1,1,2,0,2,1,1,2,2,0,0,1,2,0,0,2,0,2,1,0,1,1,2,2,1,2,1,2,0,1,2,2,1,2,2,500
0,0,2,1,0,2,0,0,0,1,1,0,0,1,0,0,1,0,0,0,2,0,1,1,1,0,0,1,0,1,0,0,0,1,2,1,2,0,0,2,0,2,2,1,1,2,0,0,0,1,2,2,0,0,2,2,0,0,2,2,0,0,0,2,1,1,1,2,2,0,1,0,0,0,0,2,2,0,0,1,0,2,2,0,1,2,2,0,2,2,1,0,0,0,0,1,2,1,2,0,500
0,1,1,1,0,1,2,0,0,2,1,0,2,1,0,0,0,1,0,1,1,0,1,0,0,1,0,0,2,0,0,2,1,0,0,0,0,2,1,2,0,1,2,2,2,1,1,0,2,0,2,0,0,0,1,2,1,2,0,0,1,2,0,2,0,0,1,2,0,0,1,1,2,1,0,1,2,2,0,1,0,2,0,0,2,0,0,0,1,1,0,2,2,1,1,2,2,1,1,0,500
1,0,0,1,2,2,0,0,1,0,0,1,1,2,0,0,0,1,1,1,0,0,0,1,0,1,2,0,1,0,0,1,1,2,0,0,1,0,0,1,1,0,0,1,1,0,0,1,0,2,0,1,0,2,2,1,0,2,0,1,2,0,0,2,0,0,0,1,0,1,1,0,0,0,0,1,1,0,0,0,0,0,2,2,1,1,1,2,0,1,1,1,0,1,1,1,1,1,2,1,500
0,0,2,2,2,1,2,0,0,2,2,1,1,2,1,0,1,0,0,2,2,0,2,0,2,0,0,1,2,0,0,0,2,1,2,2,2,0,0,0,1,2,1,1,1,1,2,0,2,2,0,2,0,0,0,1,1,2,2,0,1,0,0,2,0,2,1,0,1,1,1,0,1,0,0,0,0,0,0,1,0,2,2,2,2,2,0,1,1,2,1,1,2,2,0,0,0,1,1,2,500
0,2,0,0,0,0,0,1,1,2,0,1,0,1,1,0,0,2,1,2,0,1,1,0,1,0,2,0,2,0,1,1,2,0,1,0,1,0,0,1,1,2,1,0,1,0,1,0,2,2,2,2,0,2,1,2,1,2,1,0,1,1,0,2,1,2,0,0,0,0,0,1,2,0,0,1,0,0,0,1,2,0,0,0,0,2,2,2,0,0,2,2,0,1,2,0,0,1,1,1,500
0,2,2,2,2,2,1,0,1,2,0,2,2,0,0,0,1,1,1,0,2,0,0,1,1,0,2,1,1,0,2,2,0,0,1,2,0,0,1,0,0,1,0,1,0,0,0,2,2,2,1,0,0,1,0,2,0,2,1,0,2,2,0,0,1,0,0,1,1,1,1,0,0,1,0,0,0,0,0,1,0,0,2,1,2,0,1,0,0,1,1,0,2,1,0,2,0,1,2,1,500
1,2,2,0,0,1,0,0,0,2,0,0,2,0,1,0,0,2,1,0,0,0,2,1,0,2,1,0,1,0,2,1,2,1,0,1,2,1,1,2,2,2,0,1,1,2,2,1,1,1,2,0,0,1,0,0,1,1,2,1,0,1,0,2,0,2,1,0,1,1,1,2,0,0,0,0,2,0,0,2,1,0,0,1,2,1,2,0,0,0,2,1,2,1,2,2,1,0,2,2,500
1,1,2,0,2,1,0,0,0,2,0,2,2,2,0,0,0,1,2,2,1,1,1,0,1,2,0,1,1,1,2,0,2,1,2,1,2,2,1,1,0,0,0,1,1,1,1,2,0,0,1,2,0,2,1,1,1,0,1,2,1,0,0,2,1,2,0,2,1,0,0,2,2,0,0,2,1,2,0,2,2,0,1,1,2,0,1,2,1,1,0,1,0,2,1,1,0,0,0,0,500
0,2,1,1,1,1,2,1,1,2,0,1,0,2,0,0,1,0,0,1,1,1,0,1,2,0,0,1,2,0,2,0,1,2,2,1,0,1,1,0,0,0,2,0,1,2,0,0,2,1,2,1,0,2,0,0,0,2,2,1,0,1,0,2,1,2,1,1,0,0,1,0,0,2,0,2,1,2,0,2,2,2,0,2,0,0,0,1,2,1,2,2,2,2,0,1,0,0,1,1,500
1,0,0,2,1,0,2,1,2,0,2,1,1,0,0,0,1,1,0,0,1,0,1,0,1,2,0,0,1,1,1,0,2,0,0,0,1,0,1,2,2,2,1,1,1,2,2,0,0,1,0,1,0,0,0,2,0,0,2,2,1,1,0,2,2,0,1,0,0,0,1,0,0,0,0,0,0,1,0,2,2,1,1,1,2,2,1,2,1,1,2,2,2,2,2,2,1,1,1,0,500
0,0,2,1,2,2,0,1,2,1,1,2,0,2,1,0,1,2,1,1,2,0,0,1,2,0,2,0,2,0,1,0,1,1,0,1,1,0,1,1,0,0,0,2,1,2,0,2,2,2,2,1,0,1,0,0,1,0,0,0,2,1,0,1,0,2,0,1,1,0,1,1,0,0,0,1,0,1,0,0,1,2,1,0,0,0,2,0,1,0,0,2,2,2,2,0,0,0,0,2,500
1,1,1,0,0,1,1,1,0,1,1,2,1,1,1,0,0,2,0,0,0,0,0,1,1,2,0,0,2,1,0,2,0,2,1,1,2,0,0,1,2,1,2,0,1,1,2,1,2,1,0,0,0,0,0,0,0,1,0,0,1,1,0,0,0,0,0,2,0,1,0,0,2,0,0,1,1,0,0,2,0,2,0,2,0,1,0,2,0,0,0,0,1,1,2,1,1,0,1,1,500
1,1,2,1,0,2,0,1,1,0,0,1,2,2,0,0,0,1,1,1,2,0,2,0,0,1,2,1,0,0,0,1,1,0,1,1,1,2,1,1,1,1,2,1,0,1,0,2,0,2,0,2,0,1,2,1,1,1,2,2,2,1,0,1,0,2,0,1,1,2,1,1,0,0,0,2,0,2,0,2,2,0,2,0,1,2,2,0,0,1,0,1,0,1,0,1,1,1,2,2,500
2,2,2,0,0,2,0,1,1,2,1,1,0,1,1,0,2,0,1,1,1,0,1,1,1,1,2,1,1,1,0,2,1,0,0,1,0,2,0,2,0,1,2,0,2,0,1,0,1,2,2,0,0,2,2,2,1,2,0,2,2,1,0,0,2,0,0,1,0,1,0,1,0,2,0,2,2,1,0,0,1,0,1,1,1,1,1,2,0,2,0,0,2,2,0,2,2,1,1,1,500
2,0,2,0,1,0,1,1,0,2,2,1,2,2,2,0,0,0,0,1,2,1,1,1,0,0,1,1,0,1,2,2,0,1,1,0,2,1,1,0,1,0,0,2,1,1,0,0,0,2,2,1,0,0,1,0,0,0,0,2,0,1,0,2,2,1,1,1,2,0,0,1,0,2,0,0,0,0,0,1,2,2,1,2,0,0,0,0,1,1,0,1,2,1,1,2,1,0,2,1,500
1,2,2,0,0,1,1,1,2,1,1,1,0,2,0,0,1,2,2,1,2,0,0,1,0,2,0,0,1,1,2,0,2,1,2,1,2,2,0,0,2,1,2,0,1,2,0,2,1,2,2,1,0,2,0,0,0,2,2,0,0,2,0,0,1,2,0,1,1,2,0,0,1,1,0,1,2,2,0,0,0,2,1,1,0,1,2,2,2,2,2,1,2,1,1,1,1,1,1,2,500
2,0,2,1,1,0,2,0,1,1,2,2,1,1,0,0,0,2,2,0,2,0,0,1,2,2,0,0,2,0,0,1,1,2,2,0,1,2,1,2,2,0,0,2,2,1,0,0,1,0,2,0,0,1,2,1,1,1,2,0,0,1,0,1,0,2,0,1,0,0,1,2,2,1,0,0,1,0,0,2,0,1,2,0,0,1,0,2,2,2,1,1,2,2,1,2,2,0,2,2,500
0,1,0,0,1,0,2,0,0,1,0,0,0,0,0,0,2,2,0,2,0,1,0,0,1,2,1,1,1,0,1,2,0,1,0,2,0,2,0,0,1,1,0,1,0,2,1,0,1,0,0,0,0,2,2,2,1,1,1,0,1,1,0,2,0,1,1,0,2,0,0,0,0,2,0,0,2,1,0,0,1,0,1,2,2,1,2,0,0,0,0,0,0,0,0,0,0,1,2,2,500
2,1,2,0,0,0,2,1,2,1,2,2,2,0,0,0,0,1,2,1,0,0,2,0,0,1,1,1,2,0,2,1,2,0,0,0,0,1,1,0,0,1,0,0,2,2,1,1,0,1,1,1,0,2,2,1,1,0,0,0,1,2,0,1,2,1,0,1,0,0,0,2,0,1,0,1,0,2,0,2,0,0,1,0,2,0,1,0,1,0,2,2,1,0,1,1,0,1,2,0,500
1,0,1,1,1,0,2,1,2,0,1,2,1,1,1,0,2,1,0,1,1,1,1,0,1,2,0,1,2,1,1,1,1,2,2,2,2,2,1,1,0,0,1,0,1,2,0,0,0,1,2,1,0,1,1,0,0,0,1,2,0,2,0,1,0,1,0,1,1,0,0,2,0,2,0,2,1,2,0,1,1,0,0,0,2,0,1,2,1,1,0,1,2,1,0,2,2,0,2,2,500
2,1,1,1,2,0,1,1,1,1,2,0,0,0,2,0,0,2,1,2,2,0,0,0,1,0,1,0,1,1,0,2,2,1,2,0,1,2,0,2,2,1,0,1,2,2,1,0,0,1,1,1,0,1,0,2,1,1,2,2,0,1,0,1,1,1,1,1,2,2,1,1,1,1,0,1,1,0,0,1,1,0,2,1,0,0,1,2,2,1,2,0,0,1,0,0,2,1,0,1,500
1,1,2,2,2,0,2,0,2,1,2,0,1,2,1,0,0,0,1,0,0,1,0,1,2,0,2,1,2,0,1,2,0,1,0,1,1,0,0,0,2,2,2,2,0,2,2,2,2,0,2,0,0,0,2,0,0,0,2,2,1,1,0,0,0,0,0,0,0,2,0,2,1,1,0,1,2,0,0,2,0,2,0,0,0,2,0,0,0,2,1,0,1,2,1,2,2,0,1,0,500
0,1,1,0,2,0,0,0,0,0,0,1,0,1,2,0,0,1,0,1,0,1,2,0,0,0,1,1,1,0,2,1,1,0,2,2,0,1,0,2,0,1,2,0,2,1,0,1,2,1,0,1,0,1,1,0,0,0,1,0,2,0,0,2,1,2,1,0,2,1,0,0,2,1,0,1,0,0,0,2,1,0,0,2,0,2,0,1,1,1,1,0,2,0,0,0,2,1,0,1,500
2,0,2,1,2,1,0,1,2,0,2,2,0,1,2,0,1,2,0,2,0,1,0,0,2,2,1,0,0,0,0,2,1,1,0,2,0,2,1,0,0,0,1,0,2,0,1,2,0,0,0,1,0,1,2,1,1,1,1,1,0,2,0,2,1,1,0,1,1,2,1,1,0,1,0,2,0,0,0,2,2,1,1,1,1,2,2,0,0,0,1,1,2,2,1,0,1,0,2,0,500
0,2,1,0,0,0,2,1,1,1,2,1,1,0,0,0,1,0,0,1,1,1,0,1,0,0,0,1,2,1,1,1,2,0,1,0,2,0,1,2,2,1,0,0,2,2,2,2,2,2,0,0,0,0,2,1,1,1,1,1,1,2,0,0,1,0,1,2,1,0,0,0,2,2,0,0,0,2,0,0,2,1,0,0,0,1,1,2,1,2,1,1,1,0,1,2,2,0,0,0,500
0,0,1,0,1,1,1,1,1,2,1,0,1,2,0,0,2,2,0,0,0,0,2,1,0,1,2,0,0,1,0,1,1,1,0,1,1,1,1,1,2,0,1,0,1,1,1,1,0,1,1,0,0,2,1,1,1,2,1,2,2,2,0,2,0,0,0,0,1,2,0,2,2,0,0,0,1,2,0,1,0,1,2,2,2,0,1,2,1,2,2,0,0,1,0,2,0,0,0,0,500
2,0,2,1,2,0,0,1,0,1,1,2,1,0,2,0,2,2,0,0,1,1,2,1,0,1,0,0,0,0,2,2,1,0,1,1,2,2,0,2,1,2,0,1,2,1,1,1,1,1,1,2,0,0,2,2,0,2,1,0,1,0,0,2,1,2,0,2,1,1,1,2,2,1,0,0,1,1,0,0,1,1,2,2,1,2,0,1,1,1,2,2,0,0,1,2,0,0,2,2,500
2,2,1,1,2,2,1,1,1,1,2,0,0,0,1,0,1,2,1,2,2,0,2,0,1,2,0,1,1,0,2,2,0,0,1,0,0,0,0,0,2,1,0,0,1,0,2,1,0,2,2,1,0,1,0,0,0,1,1,0,1,2,0,0,1,1,1,2,0,1,1,1,0,1,0,1,0,2,0,2,1,2,1,1,0,0,1,0,2,1,2,2,0,1,2,1,0,1,0,0,500
2,2,2,1,1,0,1,0,2,2,1,0,0,1,0,0,0,0,1,2,2,1,1,1,0,1,2,1,0,1,1,1,1,2,1,2,1,0,1,2,2,0,2,0,1,2,0,2,1,1,2,2,0,2,0,2,1,1,0,2,1,0,0,1,1,1,1,2,1,1,0,0,1,1,0,1,1,2,0,0,0,1,1,0,2,1,2,2,2,0,1,0,0,1,1,0,1,1,0,2,500
1,1,2,0,0,1,2,0,0,2,0,1,0,1,2,0,0,0,0,2,1,1,2,1,0,0,2,0,2,1,0,2,2,0,0,1,1,2,1,2,2,2,0,1,0,1,0,2,2,0,2,1,0,2,2,0,0,0,0,0,0,0,0,0,2,2,0,2,2,1,0,1,1,0,0,1,0,1,0,1,0,0,1,1,2,1,2,2,2,2,2,2,0,0,2,1,1,0,2,2,500
2,0,0,0,2,2,0,1,0,2,0,0,1,1,2,0,0,2,2,0,0,0,2,0,1,2,2,0,2,1,1,0,1,0,1,0,2,1,1,0,2,2,0,0,1,1,1,1,1,1,2,0,0,2,0,1,0,0,2,2,1,2,0,2,2,1,1,2,2,0,0,1,2,1,0,0,2,2,0,2,0,0,2,1,1,2,1,1,1,0,1,0,2,1,2,2,1,0,2,2,500
2,1,1,1,2,2,0,0,2,1,1,1,1,0,2,0,1,0,1,1,1,0,2,1,2,0,0,0,2,1,0,0,1,0,0,0,0,1,0,2,0,0,2,0,2,0,0,0,1,2,1,0,0,2,1,0,1,2,2,1,2,2,0,0,2,0,0,2,1,2,0,1,1,0,0,1,0,0,0,2,1,1,2,1,1,1,1,2,1,0,1,0,0,2,1,0,0,1,0,0,500
0,0,2,2,0,2,1,0,2,2,1,0,1,2,0,0,0,1,1,2,1,0,0,1,2,0,0,0,1,1,0,1,0,2,0,0,1,1,1,2,1,2,1,0,2,2,0,1,0,2,2,0,0,1,2,2,0,0,0,1,1,0,0,0,1,2,0,0,2,2,0,0,2,0,0,0,1,0,0,2,0,2,0,0,0,2,2,0,1,0,0,0,1,1,0,0,0,0,1,0,500
0,1,1,2,0,0,2,0,2,2,1,2,2,1,0,0,0,2,1,1,1,0,1,1,2,1,2,1,0,0,0,0,1,1,2,0,2,2,0,0,2,0,1,2,1,1,1,0,2,0,1,2,0,2,0,0,1,1,0,0,0,1,0,0,2,1,1,1,0,1,1,0,0,1,0,2,0,1,0,0,1,2,2,0,1,0,0,2,0,1,2,2,0,2,1,0,0,0,2,0,500
2,1,2,2,1,0,0,0,0,1,0,1,2,0,1,0,0,1,1,2,0,0,2,1,0,1,0,0,1,0,1,0,2,1,2,2,0,0,1,1,0,1,2,2,1,1,0,1,0,2,1,0,0,2,1,2,0,2,2,0,0,0,0,1,0,0,0,0,0,0,1,0,1,1,0,2,0,1,0,1,0,1,0,1,2,1,0,2,0,0,0,1,0,2,0,0,0,0,1,0,500
2,1,0,1,0,2,0,0,2,0,0,1,0,2,1,0,0,1,0,0,0,1,0,0,0,2,2,1,1,1,1,0,0,1,2,2,1,2,0,2,0,2,2,1,1,1,2,2,1,1,1,1,0,2,1,2,1,1,1,0,2,1,0,2,2,0,0,1,2,1,1,2,0,2,0,0,0,2,0,2,2,1,0,2,1,1,2,1,0,0,1,0,0,1,0,2,1,1,0,1,500
1,1,0,2,1,1,2,0,0,1,0,1,1,1,0,0,1,1,2,2,0,0,0,0,1,0,2,0,2,0,0,1,2,1,0,2,0,2,0,0,1,1,2,1,1,0,2,2,1,0,1,0,0,2,1,2,1,0,0,1,1,1,0,2,0,0,0,0,0,2,1,0,2,2,0,1,2,0,0,0,0,0,0,0,1,1,1,2,1,2,1,1,1,0,2,0,0,1,2,0,500
0,2,0,0,1,0,0,1,0,0,0,1,2,0,0,0,2,0,2,0,1,1,2,0,1,0,0,0,1,1,1,2,0,1,2,1,1,1,1,0,2,0,2,2,1,1,1,0,2,1,0,2,0,0,2,0,1,0,1,2,1,0,0,1,1,2,1,2,2,2,0,2,1,0,0,0,2,1,0,0,0,1,2,2,0,0,1,0,1,2,0,2,2,0,0,2,0,0,0,1,500
2,2,2,0,0,2,1,1,2,0,2,2,1,2,1,0,2,2,1,0,1,0,1,0,1,2,1,1,1,0,0,0,0,2,2,2,1,0,0,0,0,0,1,0,2,2,2,0,1,0,2,1,0,2,2,1,1,2,1,1,2,0,0,2,1,0,1,1,2,2,1,1,1,2,0,2,0,2,0,1,2,2,2,1,1,1,1,1,2,2,0,1,1,2,2,0,2,0,1,0,500
0,0,2,0,1,2,0,0,1,0,1,2,0,2,0,0,1,2,0,1,2,0,2,1,0,1,1,0,1,1,0,2,0,1,1,0,1,1,0,2,1,2,1,0,0,0,1,2,0,2,0,1,0,2,0,0,0,2,2,1,2,2,0,0,0,2,1,2,2,1,1,1,0,2,0,2,0,0,0,2,0,1,1,0,0,0,0,1,0,2,2,1,0,0,0,1,1,1,0,0,500
0,2,0,0,2,2,0,1,1,1,2,0,1,1,1,0,1,1,1,2,1,1,0,0,2,2,2,1,1,1,1,2,0,0,0,0,0,0,0,2,2,0,0,2,0,1,2,2,2,1,1,2,0,2,2,2,1,2,0,2,0,2,0,0,1,1,0,0,0,2,0,2,1,0,0,0,1,1,0,0,0,2,1,2,0,1,0,1,2,2,0,1,2,2,2,1,0,1,0,1,500
2,1,2,2,0,1,2,1,1,0,2,0,1,0,1,0,0,0,0,1,2,1,0,0,0,0,0,1,1,1,1,2,2,1,1,2,0,2,1,0,2,1,0,2,1,1,1,2,0,1,0,2,0,2,2,2,1,0,1,2,0,0,0,2,2,0,1,1,2,2,0,0,0,1,0,0,2,1,0,1,0,2,2,2,0,1,1,2,1,1,2,2,1,2,0,1,1,1,0,2,500
0,0,1,1,2,1,2,1,1,2,2,1,2,0,1,0,0,1,1,0,0,1,1,1,2,1,2,1,2,1,1,2,1,0,1,2,2,0,0,2,2,1,2,2,1,1,0,1,2,0,1,1,0,1,0,0,0,0,2,0,1,1,0,2,2,0,1,2,1,0,1,1,2,1,0,1,1,0,0,1,0,2,0,1,2,0,1,0,1,2,2,0,2,2,2,2,1,0,2,2,500
2,1,0,0,1,2,0,1,2,0,0,1,1,2,1,0,1,1,1,2,0,1,2,0,1,2,2,0,1,1,2,2,0,1,1,2,0,2,1,2,2,1,0,1,0,2,0,2,0,0,0,2,0,1,2,1,1,0,1,2,0,0,0,0,0,0,0,1,1,0,1,1,0,0,0,1,0,2,0,0,2,0,0,2,2,0,1,0,2,1,2,1,0,0,2,1,2,1,2,1,500
2,1,0,0,0,0,1,0,2,1,1,1,1,2,1,0,2,1,0,2,0,0,2,1,2,1,2,0,2,1,1,0,2,1,1,0,2,1,1,1,1,2,0,0,0,0,1,0,2,2,0,2,0,0,1,0,1,1,0,2,2,2,0,0,2,2,1,0,1,1,0,1,1,0,0,0,2,2,0,0,2,0,1,1,1,2,1,1,1,0,1,1,2,1,2,2,1,1,2,2,500
1,1,1,2,0,0,0,1,1,1,0,2,0,0,1,0,1,2,1,2,1,0,0,1,0,0,2,0,2,0,1,1,1,1,0,0,2,0,1,2,1,0,2,1,0,2,1,0,2,2,2,2,0,2,1,2,0,2,1,1,0,1,0,2,1,1,0,2,2,1,0,0,0,2,0,1,1,0,0,1,1,1,2,0,1,1,0,2,1,0,2,1,1,1,2,0,2,0,1,1,500
0,2,2,0,1,1,0,0,1,2,0,0,2,0,2,0,2,2,1,1,2,1,1,0,2,0,2,1,0,1,0,2,1,2,0,2,2,2,1,0,0,0,2,2,1,2,0,0,0,0,0,2,0,1,0,1,1,1,0,2,0,1,0,2,1,2,1,1,0,0,0,1,1,2,0,2,2,1,0,0,0,1,1,2,1,1,0,0,0,0,2,2,1,0,1,0,2,0,0,1,500
1,1,1,2,2,0,1,0,0,1,2,2,1,1,1,0,1,2,0,2,2,0,0,1,0,2,1,0,2,1,1,0,2,2,1,0,0,1,0,2,1,2,0,2,0,0,0,0,0,1,1,2,0,1,1,2,0,1,2,0,2,1,0,0,2,1,0,1,0,1,1,1,0,2,0,2,0,0,0,1,2,0,1,0,0,1,0,0,0,1,0,2,2,2,1,2,1,1,0,2,500
1,1,2,2,1,1,0,1,1,2,1,1,2,0,0,0,1,0,0,1,0,1,1,1,0,1,1,0,0,0,1,0,1,0,2,0,1,0,1,2,1,1,0,2,2,2,0,2,1,1,1,0,0,1,1,0,0,1,2,1,1,1,0,1,1,1,0,0,1,2,0,1,0,1,0,0,0,0,0,2,1,1,0,1,2,1,1,1,1,2,1,0,1,0,1,1,1,0,2,1,500
2,1,1,1,2,2,2,1,2,2,1,1,0,2,0,0,1,1,0,1,0,0,1,1,2,1,1,1,2,1,1,1,2,0,2,1,0,2,0,2,1,0,1,1,2,2,0,0,1,0,1,0,0,2,1,1,1,1,1,1,0,2,0,2,1,0,1,0,0,0,0,1,0,1,0,0,1,1,0,2,2,0,1,2,0,0,0,0,0,2,2,1,2,0,2,1,1,0,2,2,500
0,0,0,1,1,1,0,0,2,1,0,2,2,1,1,0,2,0,2,2,0,1,1,1,1,1,1,0,1,0,2,0,0,0,2,0,2,1,1,2,2,0,2,2,0,2,2,0,1,1,2,0,0,0,1,1,0,0,1,1,2,1,0,0,0,2,0,0,0,2,0,0,2,1,0,0,0,2,0,0,1,2,2,0,2,2,2,2,0,1,2,2,0,2,2,2,1,1,2,0,500
0,0,2,2,1,1,0,0,0,2,1,1,2,1,1,0,1,1,1,1,2,1,2,0,2,0,1,1,1,0,2,2,0,2,2,0,2,1,1,2,0,0,0,0,0,0,1,2,2,2,1,1,0,0,1,0,1,2,0,2,2,2,0,0,2,1,0,0,2,2,1,0,0,1,0,2,2,1,0,1,2,0,1,2,2,1,0,1,1,0,2,0,2,1,1,0,0,1,0,1,500
0,0,1,2,0,1,1,1,1,0,2,0,1,1,2,0,0,1,2,2,0,0,1,0,2,0,2,1,1,0,2,0,2,2,0,0,2,0,1,2,1,1,0,1,2,0,0,0,0,2,0,0,0,1,1,2,0,1,0,1,0,2,0,0,0,0,1,2,1,0,1,0,1,1,0,0,1,1,0,2,0,0,1,2,1,0,1,0,0,2,0,1,2,0,0,2,0,1,1,2,500
0,0,1,2,1,0,0,0,1,0,2,2,1,1,0,0,0,2,0,0,0,1,1,0,0,0,2,1,0,0,2,2,1,2,2,0,2,2,0,0,0,1,0,1,1,1,2,1,2,0,1,0,0,1,2,1,0,2,2,0,0,0,0,2,2,2,1,1,2,0,0,2,0,2,0,2,2,1,0,0,2,1,0,2,1,1,2,1,1,2,1,2,2,2,1,2,0,1,0,0,500
2,2,0,0,2,1,0,1,1,0,1,0,2,2,1,0,0,0,1,1,2,1,1,1,1,0,0,0,0,0,0,1,0,0,2,2,1,1,1,2,0,2,2,0,1,1,0,2,2,1,1,2,0,2,1,0,1,1,0,0,1,1,0,1,2,2,0,1,1,2,1,1,2,1,0,1,1,0,0,1,1,2,2,1,2,1,2,2,2,0,1,1,0,2,2,2,0,0,1,1,500
2,0,0,2,0,1,2,1,2,1,0,0,2,1,0,0,1,0,2,0,2,0,2,1,2,1,1,1,0,0,0,0,0,1,0,0,2,2,0,1,1,0,0,1,0,0,2,1,2,0,2,0,0,0,1,0,0,2,2,1,2,0,0,0,2,0,1,0,2,2,0,1,1,1,0,0,2,1,0,0,2,2,1,0,0,0,0,0,1,0,2,0,0,1,1,1,0,1,2,0,500
0,0,0,1,2,0,1,0,2,0,2,0,2,2,1,0,2,0,1,1,1,0,0,0,1,2,2,1,1,0,0,0,1,0,1,1,1,1,0,1,1,2,0,2,1,2,2,2,0,0,2,1,0,2,0,0,1,1,1,0,2,1,0,1,2,1,0,1,0,0,0,1,2,0,0,0,1,1,0,2,0,1,1,2,1,1,0,1,2,0,0,2,0,2,1,1,0,1,0,1,500
2,1,0,1,0,1,0,0,1,1,1,1,1,0,0,0,0,2,0,2,2,1,0,0,2,0,2,0,2,1,0,0,2,1,1,1,2,0,0,2,1,1,0,0,1,1,2,0,1,0,0,0,0,2,2,2,0,1,0,1,0,1,0,2,2,2,0,1,1,2,1,1,2,1,0,2,0,2,0,2,0,0,1,1,2,0,1,0,2,1,1,2,1,2,1,2,0,1,1,2,500
2,1,1,0,1,0,1,0,1,0,0,1,0,1,2,0,2,1,1,2,0,1,1,1,2,2,2,1,2,1,2,1,0,2,0,0,2,1,1,0,2,0,2,1,0,0,1,1,0,1,0,2,0,1,2,0,1,1,0,0,1,1,0,0,0,2,1,1,0,1,1,0,0,0,0,2,2,0,0,1,0,1,2,1,1,0,1,2,0,1,1,0,0,0,2,1,1,1,0,2,500
2,2,0,1,0,2,2,0,0,0,0,1,1,1,2,0,2,1,2,1,1,0,1,1,2,0,2,0,0,1,1,1,0,2,2,0,2,1,0,2,0,1,0,0,2,0,1,2,1,2,0,1,0,1,2,0,0,1,2,1,2,0,0,1,0,1,0,0,1,0,1,0,2,1,0,1,2,2,0,2,0,1,1,0,0,2,2,2,2,0,1,0,0,1,0,2,1,0,0,1,500
2,1,2,2,2,2,1,0,2,2,0,2,2,0,1,0,1,0,1,0,1,1,0,1,1,2,2,0,2,1,2,2,1,0,2,2,1,2,0,2,0,0,0,1,1,0,0,0,0,0,2,0,0,2,1,1,0,0,0,1,0,1,0,1,0,0,1,2,0,1,0,1,0,1,0,0,1,1,0,2,0,2,1,1,0,0,1,2,2,2,0,2,2,2,2,0,2,1,0,2,500
2,2,0,1,0,1,0,1,1,0,2,0,2,0,0,0,2,1,1,1,2,1,0,0,2,2,2,1,0,0,2,0,1,1,1,1,1,0,1,1,1,1,1,0,2,2,1,1,2,2,0,1,0,1,1,2,0,0,2,2,1,1,0,2,1,2,0,1,1,2,0,2,2,1,0,0,1,0,0,0,1,2,0,0,2,2,1,1,0,2,2,1,2,0,2,0,2,0,1,1,500
0,1,2,0,2,0,0,0,0,2,1,0,0,1,1,0,0,1,1,0,0,0,2,0,0,0,2,0,0,0,1,1,1,1,0,1,2,2,0,2,2,0,0,0,2,2,1,0,0,1,0,2,0,1,0,1,1,1,2,1,0,0,0,0,2,2,1,0,2,0,1,1,2,1,0,1,1,2,0,0,1,2,2,1,0,2,0,1,2,0,1,2,0,2,1,2,1,0,2,2,500
2,2,0,0,1,0,0,0,1,0,2,1,1,2,2,0,1,2,1,1,1,0,1,0,1,0,0,1,0,0,0,2,2,1,0,0,0,0,0,0,2,0,2,1,1,2,1,1,1,1,0,0,0,1,0,0,0,0,1,1,2,1,0,2,1,0,0,1,0,0,0,2,1,2,0,0,0,0,0,1,1,1,2,1,0,1,0,0,0,1,2,1,2,0,0,1,1,0,0,0,500
1,0,0,0,0,1,1,0,0,2,0,1,2,0,2,0,2,1,1,1,1,1,0,0,1,2,0,0,0,0,1,0,1,2,1,2,1,2,1,0,2,0,2,2,2,2,0,1,1,1,1,1,0,1,1,2,1,1,1,2,2,1,0,0,0,2,1,0,0,1,0,2,1,1,0,2,0,2,0,0,2,0,0,1,2,0,0,0,0,1,0,0,0,2,0,1,1,0,1,0,500
2,0,2,0,1,0,0,1,0,1,1,0,0,0,1,0,0,2,1,1,0,1,0,0,1,1,0,0,0,0,2,2,1,2,1,2,0,1,0,0,0,2,0,2,1,0,1,0,2,1,1,1,0,2,1,1,1,0,2,2,0,2,0,1,2,1,0,2,2,1,0,2,1,1,0,2,2,0,0,0,2,0,1,2,0,1,2,1,0,1,2,0,2,1,0,1,2,1,1,1,500
2,1,0,1,1,0,1,0,0,2,1,1,1,2,2,0,2,1,1,2,0,1,0,0,2,0,2,0,1,1,2,1,2,0,0,2,2,0,0,2,1,2,1,1,2,2,2,0,1,0,0,1,0,1,0,2,0,1,1,2,0,2,0,0,2,1,1,2,0,2,1,0,1,0,0,0,0,1,0,0,0,0,2,0,2,1,1,2,1,1,1,0,0,0,0,1,1,0,1,0,500
0,2,0,1,0,2,2,0,2,1,1,0,1,1,0,0,0,2,1,2,0,0,2,1,2,0,1,1,0,1,2,1,0,0,0,2,1,0,0,1,2,1,2,2,1,1,2,2,1,1,0,1,0,0,2,0,1,2,0,1,1,1,0,2,0,0,1,1,2,0,0,0,1,1,0,2,1,1,0,2,1,0,0,2,2,0,0,1,1,1,0,1,2,1,2,1,0,0,1,0,500
2,0,1,1,2,1,0,1,0,0,2,0,1,0,2,0,1,0,1,1,1,0,1,0,0,2,0,0,2,0,0,1,1,2,0,2,0,1,1,1,0,2,2,1,0,0,0,2,1,1,2,1,0,0,2,0,0,2,1,0,0,2,0,0,1,0,0,1,0,2,0,0,2,2,0,2,0,0,0,2,2,2,0,0,2,0,1,1,0,2,0,2,2,1,0,2,0,0,1,1,500
2,2,2,2,0,1,1,0,1,2,2,0,2,0,0,0,0,2,2,2,2,0,2,0,0,0,0,1,1,1,1,0,0,0,1,1,0,0,0,1,2,0,1,2,2,1,1,2,0,2,1,2,0,2,2,1,0,0,2,1,1,2,0,0,2,1,1,0,2,2,0,2,2,0,0,2,1,2,0,1,0,0,2,0,2,1,0,2,0,0,0,1,2,0,1,1,2,0,1,2,500
2,2,1,1,0,1,2,0,2,2,0,0,0,0,1,0,2,0,2,2,1,1,1,0,1,1,1,1,2,0,1,1,0,1,2,0,2,0,0,2,1,2,1,2,0,1,0,2,2,2,1,2,0,0,2,2,0,1,2,0,1,1,0,0,2,0,1,0,0,0,0,0,0,0,0,0,2,0,0,0,1,2,2,2,0,2,0,2,2,1,1,0,2,2,1,1,0,0,2,1,500
2,0,1,2,2,0,1,0,1,2,1,1,2,1,2,0,0,1,2,2,1,0,0,1,1,1,1,1,1,1,2,0,2,1,0,1,2,2,0,2,1,0,1,0,1,0,0,0,1,2,1,2,0,2,0,0,0,2,0,1,2,1,0,0,2,2,1,1,1,0,1,2,2,0,0,0,2,0,0,2,2,1,0,1,2,0,1,1,1,2,1,0,1,1,0,2,1,1,0,1,500
1,1,0,1,0,1,0,0,0,0,0,2,0,2,2,0,2,1,1,0,0,1,0,1,2,1,0,1,1,1,0,0,0,0,1,0,2,2,1,0,2,1,1,0,1,2,2,1,0,0,0,1,0,2,1,0,1,1,1,2,0,1,0,0,2,1,0,1,2,0,0,1,2,2,0,1,2,0,0,1,0,2,2,2,2,1,2,1,0,0,0,2,2,0,1,1,2,1,0,2,500
