3886,2360,1361,2322,748,7458,4638,2893,290,1849,5609,2883,4587,7945,8887,8549,3030,2856,1389,4490,2849,2047,1447,716,8312,2606,1032,5771,5460,4765,9179,433,3830,6787,4154,483,1909,6635,1928,9013,7081,1707,5615,2860,917,8458,3658,6016,6984,6383,655,6214,6057,95,148,602,8206,9141,1613,9068,34,6108,7410,5752,8315,2094,2922,6105,8921,3285,6613,3373,6633,2970,1649,8358,9321,8703,7984,9081,6462,9150,3385,5802,2875,1215,6689,8710,6647,2835,3063,7889,5991,7837,3254,5210,3503,645,5669,8304,epsilon
2,1,0,1,1,2,1,1,2,0,0,2,0,1,0,0,0,1,0,2,0,0,0,0,1,1,0,2,1,2,1,0,1,2,2,1,0,1,0,2,1,0,0,0,1,1,2,0,2,1,2,0,0,2,2,0,1,0,0,2,0,0,0,2,2,0,0,0,0,1,0,2,1,0,0,2,1,1,0,0,0,0,1,1,1,0,0,1,1,1,0,1,0,0,0,0,1,1,0,2,200
2,1,1,1,0,0,1,0,1,0,0,2,0,0,0,2,0,2,0,0,0,0,1,0,2,2,0,1,1,2,1,0,1,1,2,0,0,1,0,0,2,1,0,1,1,0,2,1,2,1,0,0,2,0,2,1,2,0,0,1,2,0,0,2,2,1,0,0,1,2,0,0,0,0,0,0,1,1,0,1,0,0,0,1,2,2,0,2,1,0,0,2,1,2,2,0,2,1,0,0,200
1,0,0,1,0,1,1,1,2,0,0,1,0,2,0,0,0,1,0,1,0,1,1,0,1,0,0,1,2,1,0,0,0,1,0,0,0,1,0,1,0,1,0,1,1,0,0,0,1,0,2,0,2,1,2,1,2,1,0,1,1,0,2,1,2,0,0,0,1,2,0,2,1,0,1,0,1,0,0,1,0,0,1,0,2,1,0,1,0,0,2,2,1,0,0,1,1,1,1,1,200
1,1,2,0,1,1,0,1,0,0,0,1,0,2,0,1,0,1,0,2,0,0,1,1,0,2,0,2,1,2,1,0,0,1,0,0,0,1,0,0,2,1,0,0,0,1,1,1,2,1,1,0,2,1,2,0,2,0,0,1,2,0,1,0,2,1,0,0,1,1,0,2,1,0,1,0,1,1,0,2,0,0,0,1,1,2,0,2,1,0,2,2,2,2,2,2,1,1,1,2,200
0,1,1,0,1,1,0,0,1,0,0,1,0,0,0,0,1,2,0,0,0,0,1,0,2,1,0,0,0,2,1,1,2,2,2,1,0,0,0,2,2,1,0,1,0,1,1,0,2,1,0,0,1,1,1,1,0,0,0,2,0,0,1,0,0,0,0,0,0,0,1,0,1,0,1,1,1,1,1,2,0,0,2,0,0,2,0,2,1,1,2,2,1,0,1,2,0,1,1,1,200
1,1,1,1,0,2,1,1,1,0,0,2,0,2,2,2,0,2,0,2,0,0,1,1,2,1,0,2,2,2,1,1,2,1,0,0,0,0,0,2,0,1,0,0,1,1,1,1,2,1,2,0,2,2,0,0,2,0,0,1,2,0,0,0,1,0,0,0,2,0,0,2,0,0,0,1,2,0,1,0,0,0,2,2,0,0,0,1,0,1,2,1,2,2,1,1,2,0,0,1,200
0,2,2,0,0,2,1,0,0,0,0,0,0,0,0,1,1,2,0,2,0,1,0,0,2,0,0,0,1,0,1,0,0,1,0,0,0,0,0,1,0,1,0,1,0,1,1,1,2,2,2,0,0,1,1,1,2,0,0,0,2,0,0,1,2,1,0,0,2,1,1,1,1,0,0,1,1,1,0,1,0,0,1,1,0,0,0,2,0,1,0,1,1,0,1,2,2,1,0,2,200
1,2,0,0,1,0,1,2,1,0,0,0,0,1,0,1,1,1,0,2,0,0,1,0,2,0,0,0,0,2,0,0,2,1,1,1,0,1,0,1,2,1,0,0,1,1,2,0,0,2,0,0,1,0,0,0,0,0,0,0,1,0,1,1,0,0,0,0,2,1,1,2,0,0,1,2,2,1,1,0,0,0,2,2,0,2,0,0,1,1,1,2,2,1,2,1,0,1,0,0,200
0,1,1,1,1,0,1,1,2,0,0,2,0,1,0,2,1,1,0,1,0,1,1,1,2,2,1,2,1,2,1,1,0,1,2,0,0,0,0,1,2,0,0,0,1,0,1,2,2,2,2,0,1,1,2,0,1,1,0,0,1,0,2,0,1,1,0,0,2,0,1,1,1,0,1,0,1,1,0,0,0,0,2,0,0,0,0,2,0,0,2,1,1,2,1,1,1,1,0,1,200
1,1,1,1,1,1,1,0,1,0,0,1,0,2,0,0,0,1,0,2,0,0,0,1,0,0,1,1,1,2,0,1,0,1,1,0,0,0,0,2,1,1,0,0,0,0,0,0,0,1,0,0,0,0,1,1,0,0,0,2,1,0,1,2,2,0,0,0,2,1,1,1,1,0,1,2,2,0,1,0,0,0,2,0,2,2,0,1,0,1,1,1,2,1,0,1,2,1,0,0,200
0,0,0,0,0,1,0,0,0,0,0,0,0,1,2,2,1,1,0,2,0,1,1,0,2,1,0,1,2,1,0,0,2,2,0,1,0,0,0,1,1,1,0,0,1,1,2,0,0,0,0,0,1,2,0,0,0,1,0,2,0,0,1,1,2,1,0,0,2,0,0,0,0,0,0,0,0,0,0,0,0,0,1,2,1,2,0,2,1,1,0,2,2,1,1,1,0,0,1,0,200
1,0,2,0,1,1,1,1,0,0,0,2,0,2,0,1,1,2,0,2,0,0,0,0,2,2,0,2,0,1,1,1,0,0,2,0,0,0,0,0,0,0,0,1,1,0,0,2,2,0,2,0,2,2,0,1,0,0,0,2,1,0,2,0,0,1,0,0,1,1,1,2,0,0,1,1,0,1,0,0,0,0,2,1,1,1,0,2,0,1,1,1,1,0,0,0,2,0,1,1,200
1,0,1,1,1,1,1,1,2,0,0,0,0,1,1,1,0,1,0,0,0,1,1,0,1,2,0,0,0,0,0,1,1,0,2,1,0,1,0,2,0,1,0,1,1,1,2,0,0,1,2,0,1,0,2,0,0,0,0,0,0,0,1,2,1,1,0,0,1,1,1,2,0,0,0,0,1,1,1,1,0,0,2,0,1,1,0,1,1,1,2,0,2,0,2,1,2,1,0,2,200
2,0,2,1,0,2,1,2,1,0,0,0,0,1,2,0,0,1,0,2,0,1,1,0,1,2,0,2,2,1,1,0,1,1,2,0,0,1,0,0,2,0,0,0,1,0,1,2,1,2,1,0,1,2,2,0,2,0,0,0,1,0,1,1,1,0,0,0,0,1,1,0,0,0,0,2,0,1,1,2,0,0,0,1,1,0,0,2,1,1,2,1,1,2,2,0,1,1,0,0,200
1,1,1,0,0,1,0,2,0,0,0,0,0,2,0,0,1,0,0,1,0,0,0,0,1,1,1,0,0,0,1,1,0,1,1,0,0,0,0,1,0,0,0,1,0,1,2,0,1,2,2,0,1,1,1,0,0,0,0,1,1,0,2,2,1,1,0,0,0,1,1,2,1,0,1,1,0,1,0,0,0,0,0,2,0,2,0,2,0,0,1,0,2,0,2,0,0,1,1,1,200
1,1,1,1,1,2,0,2,1,0,0,2,0,1,1,2,1,1,0,1,0,1,0,1,0,1,0,2,2,0,0,1,0,0,0,0,0,0,0,2,0,0,0,1,0,1,0,2,2,2,1,0,2,0,0,0,2,0,0,2,0,0,1,2,1,0,0,0,2,2,0,2,0,0,0,2,2,1,0,1,0,0,2,1,1,1,0,2,1,0,1,0,2,2,2,1,2,1,0,2,200
0,0,2,1,0,0,1,2,0,0,0,2,0,1,1,2,1,2,0,2,0,0,0,1,0,1,0,0,1,2,1,0,0,2,1,0,0,0,0,2,1,1,0,0,0,1,0,2,1,0,2,0,1,2,2,1,1,1,0,0,0,0,0,1,1,1,0,0,2,0,0,0,0,0,1,0,2,1,0,2,0,0,2,1,0,0,0,2,1,1,2,2,0,0,2,0,0,0,0,1,200
0,2,1,0,0,0,0,2,0,0,0,0,0,1,0,2,1,1,0,1,0,0,1,1,1,1,0,0,2,0,1,1,0,1,2,0,0,1,0,1,0,0,0,1,0,1,1,1,0,2,1,0,2,1,0,1,2,0,0,2,2,0,2,2,0,0,0,0,1,0,1,0,1,0,1,0,2,1,0,2,0,0,0,1,1,1,0,1,1,1,1,1,1,1,0,1,1,0,0,0,200
1,0,1,0,1,2,0,2,2,0,0,2,0,1,1,2,0,1,0,0,0,1,0,0,0,2,0,2,0,0,0,0,0,0,2,0,0,0,0,0,2,1,0,1,0,1,2,2,2,2,1,0,2,2,0,0,2,1,0,0,2,0,1,1,1,1,0,0,0,2,0,1,1,0,1,0,2,1,0,0,0,0,0,2,1,2,0,2,0,1,0,2,2,2,0,1,0,0,0,0,200
2,1,0,1,0,2,1,1,1,0,0,1,0,0,2,0,1,2,0,0,0,0,1,0,0,0,1,2,1,2,0,0,1,1,2,1,0,0,0,0,2,1,0,0,0,1,2,1,0,1,2,0,2,1,1,0,2,0,0,2,2,0,0,2,0,0,0,0,1,2,1,1,0,0,1,2,2,1,1,1,0,0,2,2,2,0,0,1,1,1,2,2,0,0,2,1,0,1,1,1,200
1,0,1,0,1,2,0,2,2,0,0,2,0,2,0,0,1,1,0,0,0,1,1,0,2,2,1,1,0,0,0,0,2,0,1,0,0,0,0,1,2,1,0,1,0,1,0,2,0,0,0,0,2,0,2,0,0,0,0,0,1,0,2,0,1,0,0,0,0,2,0,1,1,0,1,2,0,1,1,2,0,0,1,1,1,0,0,1,0,0,1,0,2,2,0,2,1,1,1,0,200
1,0,0,0,1,2,0,1,1,0,0,2,0,2,2,0,1,1,0,2,0,1,1,0,0,1,1,1,0,0,0,1,2,0,0,1,0,0,0,1,0,1,0,1,0,1,1,1,2,1,1,0,1,1,0,1,0,0,0,1,2,0,1,2,1,0,0,0,0,0,1,1,1,0,1,0,1,0,1,0,0,0,2,1,0,1,0,0,0,0,1,2,2,0,1,0,0,0,0,1,200
2,2,0,1,1,2,1,2,2,0,0,2,0,1,2,1,1,0,0,1,0,0,0,0,2,1,0,2,1,0,1,0,0,2,2,0,0,0,0,1,2,1,0,1,0,0,1,2,1,0,1,0,2,2,0,1,1,0,0,1,2,0,0,0,1,0,0,0,1,1,0,2,1,0,1,0,1,1,1,1,0,0,2,0,1,1,0,2,0,1,2,1,2,1,0,1,2,0,0,0,200
2,2,2,1,0,0,1,2,2,0,0,2,0,0,0,2,0,2,0,2,0,0,0,1,0,0,0,2,2,2,0,0,2,0,2,0,0,1,0,0,1,0,0,0,0,0,2,1,1,0,0,0,1,2,2,0,2,1,0,2,0,0,0,2,2,0,0,0,2,0,0,1,0,0,1,2,2,1,0,0,0,0,1,2,2,1,0,1,1,1,0,1,1,0,0,2,1,1,1,2,200
1,1,0,1,0,1,0,2,1,0,0,0,0,1,2,0,1,0,0,1,0,0,0,0,2,0,1,0,0,2,0,0,0,0,0,1,0,1,0,2,0,1,0,1,0,1,0,2,2,2,2,0,0,2,2,1,1,0,0,2,1,0,0,1,0,1,0,0,0,0,1,2,1,0,1,2,0,1,1,1,0,0,0,0,2,1,0,0,0,1,0,2,2,0,0,1,2,0,0,2,200
0,0,0,1,0,0,1,2,2,0,0,1,0,2,0,1,0,1,0,1,0,0,0,1,0,1,0,2,0,2,1,0,0,1,0,1,0,0,0,1,0,0,0,1,1,1,0,0,0,1,2,0,1,0,2,0,0,0,0,2,1,0,2,1,1,1,0,0,2,1,0,1,1,0,0,0,2,1,1,1,0,0,0,2,2,0,0,0,1,0,1,2,2,2,1,2,0,0,1,0,200
2,0,0,0,1,2,0,2,0,0,0,0,0,2,1,1,1,1,0,2,0,1,0,1,1,2,1,2,0,1,1,1,0,0,2,0,0,0,0,0,0,1,0,1,0,0,1,2,0,0,1,0,0,0,1,0,0,0,0,1,0,0,1,0,0,0,0,0,0,0,1,2,0,0,0,0,2,0,0,1,0,0,1,2,2,2,0,0,0,1,1,0,1,0,0,0,1,0,1,0,200
0,0,2,1,0,0,0,2,1,0,0,1,0,2,1,2,0,0,0,0,0,1,0,1,2,1,0,1,0,2,1,1,2,0,0,0,0,0,0,2,2,1,0,0,0,0,2,1,0,0,2,0,2,1,1,0,2,1,0,1,1,0,1,0,0,0,0,0,2,2,1,1,0,0,1,0,2,1,1,0,0,0,0,2,0,1,0,1,0,0,0,0,0,2,1,0,2,0,0,1,200
1,1,2,0,1,1,1,0,2,0,0,2,0,2,1,1,1,0,0,0,0,1,1,1,0,1,0,0,2,2,0,0,0,0,2,0,0,1,0,2,2,1,0,1,0,1,2,1,0,1,1,0,0,1,1,0,0,0,0,2,2,0,0,1,0,1,0,0,2,2,0,1,1,0,0,2,0,0,1,2,0,0,2,0,1,2,0,2,1,0,0,0,2,0,1,1,1,1,1,0,200
1,2,1,0,1,0,1,1,1,0,0,2,0,2,2,0,1,0,0,2,0,1,1,0,0,0,1,1,0,2,0,1,0,1,0,1,0,1,0,2,1,1,0,0,1,1,0,2,1,2,0,0,0,2,1,1,0,0,0,0,2,0,1,0,1,0,0,0,1,2,1,0,1,0,1,1,0,0,1,2,0,0,1,2,1,1,0,2,1,1,1,1,1,2,0,0,0,1,1,0,200
2,2,1,0,1,1,1,2,1,0,0,0,0,0,2,1,1,1,0,2,0,0,1,0,0,1,0,2,1,0,1,0,2,1,2,1,0,1,0,1,2,0,0,1,0,1,0,2,1,0,2,0,1,0,2,0,0,0,0,2,0,0,2,2,2,1,0,0,1,2,1,2,1,0,0,0,1,1,0,2,0,0,2,0,2,0,0,2,1,0,1,0,1,1,0,0,0,1,0,0,200
2,1,0,0,0,0,1,1,2,0,0,2,0,0,2,2,0,2,0,0,0,1,1,0,1,2,1,0,2,0,1,1,0,0,0,0,0,0,0,1,1,1,0,0,1,1,0,1,2,2,1,0,1,1,1,0,1,1,0,2,0,0,1,1,2,1,0,0,2,0,1,0,1,0,1,0,1,0,0,0,0,0,2,2,0,1,0,1,1,1,1,1,1,2,0,2,0,1,1,0,200
1,0,1,0,0,0,1,1,0,0,0,1,0,0,2,1,1,1,0,1,0,0,0,1,0,2,0,2,2,1,0,0,2,0,0,1,0,1,0,0,0,0,0,0,0,1,2,0,2,2,2,0,1,0,0,1,1,1,0,0,2,0,0,2,0,1,0,0,0,0,0,1,0,0,1,2,0,0,0,0,0,0,0,1,0,2,0,2,1,1,1,2,2,0,2,2,0,0,1,1,200
1,1,0,0,1,0,0,1,1,0,0,0,0,0,2,0,0,1,0,1,0,1,1,1,1,0,0,1,0,0,1,1,0,2,1,1,0,0,0,1,0,0,0,0,1,0,1,0,2,0,2,0,2,2,2,0,2,0,0,2,2,0,0,0,2,1,0,0,0,2,0,0,0,0,1,2,2,0,0,0,0,0,0,0,0,0,0,0,1,0,1,2,0,0,2,2,1,0,0,0,200
2,2,1,1,1,1,1,0,1,0,0,1,0,1,0,0,0,1,0,1,0,1,0,1,0,2,1,1,2,0,1,1,0,0,2,0,0,1,0,1,2,1,0,0,1,1,1,2,2,1,0,0,0,0,0,1,2,0,0,1,0,0,2,1,2,1,0,0,1,2,0,2,0,0,1,2,0,0,0,0,0,0,1,2,1,2,0,1,1,0,2,1,0,2,2,1,0,0,1,1,200
2,0,2,0,1,0,0,0,2,0,0,0,0,2,1,2,1,2,0,0,0,0,1,1,1,1,1,0,0,2,0,1,0,0,2,1,0,1,0,2,2,0,0,0,0,1,0,0,1,2,1,0,1,0,0,0,0,0,0,0,0,0,0,0,1,1,0,0,1,2,0,2,1,0,1,1,0,1,1,0,0,0,2,2,1,1,0,2,1,1,1,1,2,2,0,1,0,1,1,2,200
1,0,1,1,1,0,0,0,2,0,0,2,0,0,1,0,1,0,0,2,0,0,0,0,1,2,0,2,1,1,1,1,2,0,1,0,0,0,0,2,2,1,0,1,1,1,1,2,2,2,0,0,1,2,2,0,1,1,0,1,2,0,0,2,1,1,0,0,0,2,0,2,1,0,1,0,2,0,0,0,0,0,2,0,1,1,0,1,0,1,0,1,1,1,0,2,0,1,0,1,200
1,0,2,0,0,1,0,0,2,0,0,0,0,1,1,0,0,1,0,0,0,1,1,0,0,0,1,1,0,2,1,0,2,2,0,0,0,0,0,0,0,1,0,1,0,0,1,2,1,2,1,0,1,2,2,1,0,1,0,0,2,0,1,2,0,1,0,0,0,1,1,2,1,0,0,1,2,1,0,1,0,0,2,2,0,0,0,0,1,1,2,1,2,1,0,1,1,1,1,2,200
0,2,0,0,1,0,1,1,0,0,0,1,0,1,1,0,0,1,0,2,0,0,0,1,0,1,0,2,2,2,0,0,1,2,2,0,0,1,0,2,1,1,0,1,0,0,0,2,1,2,2,0,0,1,0,0,0,1,0,2,1,0,0,0,2,0,0,0,0,2,1,1,1,0,1,1,0,1,0,1,0,0,0,0,1,1,0,2,0,0,2,2,0,1,2,0,1,1,1,2,200
0,2,1,1,0,2,0,0,0,0,0,2,0,0,2,1,1,2,0,2,0,0,0,0,0,1,1,2,2,1,1,0,1,1,1,0,0,0,0,1,0,1,0,1,1,1,0,2,2,2,1,0,1,2,0,0,1,1,0,2,1,0,1,2,1,0,0,0,1,1,0,2,1,0,1,1,0,1,0,1,0,0,1,1,0,2,0,2,0,0,0,0,1,0,0,0,2,0,1,0,200
0,0,0,1,1,1,1,2,2,0,0,1,0,2,1,1,1,0,0,0,0,0,0,1,2,1,0,2,0,1,1,0,2,2,1,1,0,0,0,1,2,1,0,1,0,1,0,1,2,0,2,0,1,1,2,0,2,0,0,1,0,0,2,1,1,1,0,0,0,0,0,1,1,0,0,2,0,0,0,2,0,0,1,1,0,1,0,0,1,0,0,0,1,2,0,1,1,0,0,2,200
1,0,0,0,1,0,1,1,2,0,0,0,0,0,1,0,1,2,0,1,0,0,0,0,2,2,1,1,0,2,1,1,1,0,2,1,0,0,0,0,2,0,0,0,1,0,0,1,2,1,2,0,1,1,0,0,1,0,0,1,2,0,1,2,0,0,0,0,0,0,0,1,1,0,1,0,1,0,0,2,0,0,0,0,2,0,0,1,0,0,2,1,1,2,0,0,0,0,1,2,200
0,0,0,0,1,0,1,2,0,0,0,1,0,1,2,0,1,1,0,0,0,0,1,1,1,0,1,1,2,1,1,1,2,1,2,0,0,0,0,2,1,0,0,0,1,1,2,2,0,1,0,0,2,2,0,0,2,0,0,1,0,0,1,0,0,1,0,0,0,0,0,2,0,0,0,1,1,0,0,1,0,0,2,0,1,0,0,0,0,0,2,2,2,2,2,0,0,1,1,0,200
2,1,0,0,0,1,1,1,1,0,0,0,0,2,0,1,0,2,0,1,0,0,1,1,1,2,1,2,1,2,1,1,1,1,0,1,0,0,0,0,2,1,0,0,0,0,1,2,1,2,2,0,2,2,2,0,1,0,0,1,1,0,1,0,1,0,0,0,0,0,1,1,0,0,1,0,0,1,1,2,0,0,0,2,0,0,0,0,0,1,2,2,2,1,1,2,0,0,1,0,200
0,2,0,1,1,2,1,1,1,0,0,2,0,2,1,0,1,2,0,0,0,1,1,1,2,2,0,2,1,1,1,0,0,0,0,1,0,0,0,2,0,1,0,0,1,0,1,0,2,0,2,0,0,1,0,0,0,1,0,1,0,0,0,2,1,0,0,0,2,0,1,0,1,0,1,0,1,0,1,2,0,0,1,1,2,2,0,1,1,1,0,2,2,1,1,2,2,0,0,2,200
1,0,1,1,0,1,0,2,0,0,0,2,0,0,1,1,0,2,0,2,0,0,0,1,1,0,0,1,2,0,0,1,1,2,2,0,0,0,0,0,2,0,0,0,0,1,1,1,0,2,1,0,2,2,2,0,2,1,0,1,2,0,0,0,1,0,0,0,0,1,0,1,1,0,0,1,1,0,0,2,0,0,0,1,2,2,0,1,0,0,2,2,1,1,1,0,2,1,0,2,200
0,2,2,1,0,2,0,2,1,0,0,1,0,2,1,0,0,0,0,0,0,0,0,1,2,2,1,0,2,0,1,1,0,2,0,0,0,1,0,0,2,0,0,1,1,0,2,1,2,2,2,0,1,2,1,0,0,1,0,1,1,0,0,2,2,1,0,0,1,2,0,2,0,0,0,1,1,1,1,0,0,0,1,0,2,2,0,2,0,0,2,1,2,0,2,1,2,0,1,1,200
1,0,2,0,1,2,1,0,1,0,0,2,0,1,0,0,1,1,0,2,0,1,0,0,1,0,1,2,1,1,0,1,2,0,0,1,0,0,0,0,1,1,0,0,1,1,1,1,0,0,1,0,2,2,1,1,1,0,0,0,2,0,0,0,0,1,0,0,2,2,1,0,1,0,1,1,2,0,1,2,0,0,2,1,2,0,0,2,0,0,0,2,1,2,0,1,1,1,1,2,200
1,2,1,1,0,2,1,2,1,0,0,1,0,0,1,1,1,2,0,0,0,0,1,0,2,0,0,0,2,1,1,1,1,0,1,1,0,1,0,2,1,1,0,0,0,0,2,0,0,2,0,0,0,0,0,0,1,1,0,1,1,0,2,2,0,0,0,0,2,1,0,2,1,0,0,0,2,0,0,1,0,0,0,2,1,1,0,0,1,1,0,0,0,0,2,2,0,0,0,0,200
0,1,1,0,1,2,1,2,2,0,0,2,0,0,2,1,1,0,0,2,0,1,1,0,1,2,0,2,1,1,0,0,0,2,2,1,0,0,0,2,1,1,0,0,1,0,2,2,0,1,2,0,2,1,2,0,0,1,0,1,2,0,0,0,2,0,0,0,1,0,1,2,0,0,0,0,1,1,1,1,0,0,0,0,0,2,0,2,0,1,0,0,2,2,2,2,1,1,1,0,200
0,2,1,0,0,0,1,2,1,0,0,0,0,1,1,0,0,0,0,2,0,1,1,0,1,1,1,0,1,1,0,0,2,1,2,1,0,1,0,2,2,1,0,1,0,0,1,2,0,0,1,0,0,2,1,1,1,0,0,0,1,0,1,1,2,0,0,0,1,1,1,1,0,0,1,0,0,1,0,1,0,0,2,1,2,1,0,1,1,0,0,1,2,0,1,1,0,0,1,2,200
1,2,2,1,1,0,0,0,2,0,0,0,0,1,2,1,0,2,0,2,0,1,0,1,2,2,1,2,0,2,1,0,2,0,0,1,0,0,0,0,2,0,0,1,1,1,2,0,1,1,2,0,0,2,2,0,2,0,0,1,2,0,2,2,2,0,0,0,1,1,1,1,0,0,0,2,1,1,1,1,0,0,2,2,1,2,0,2,0,0,0,2,2,0,2,0,0,0,0,2,200
1,1,2,1,0,2,1,2,0,0,0,2,0,2,2,0,1,1,0,2,0,0,0,0,1,0,1,0,2,1,0,1,2,1,1,0,0,1,0,2,2,0,0,0,1,0,1,0,0,0,0,0,2,1,0,1,0,0,0,0,2,0,1,1,0,0,0,0,1,0,1,1,1,0,0,0,2,1,0,1,0,0,1,0,0,0,0,2,1,0,2,1,0,1,1,2,0,0,1,2,200
2,0,2,0,1,1,0,1,2,0,0,0,0,2,2,2,1,1,0,1,0,1,1,1,1,0,1,1,1,1,0,0,1,0,1,0,0,1,0,0,2,0,0,1,0,1,1,1,2,0,2,0,2,2,1,0,0,1,0,0,1,0,0,1,0,1,0,0,2,2,1,1,1,0,0,0,0,1,1,0,0,0,1,1,0,1,0,1,1,0,1,1,0,2,0,1,2,0,1,2,200
0,1,1,1,0,1,0,0,0,0,0,0,0,1,2,2,0,0,0,2,0,1,1,1,0,0,0,2,1,0,0,0,1,2,2,1,0,1,0,2,2,0,0,0,1,1,2,2,2,2,0,0,0,2,2,0,2,0,0,0,2,0,2,0,2,0,0,0,0,1,1,2,1,0,0,1,2,1,0,1,0,0,2,2,1,2,0,1,1,0,2,2,0,1,0,1,1,1,0,2,200
2,2,1,0,0,2,1,1,2,0,0,0,0,1,0,1,0,1,0,2,0,0,1,0,0,0,0,1,0,1,0,1,2,0,2,1,0,0,0,0,2,0,0,0,0,1,1,1,1,1,2,0,1,1,0,0,0,1,0,2,2,0,1,2,1,1,0,0,1,2,0,2,0,0,1,1,1,0,1,1,0,0,2,1,1,0,0,2,0,0,0,1,1,2,1,1,1,0,0,0,200
2,0,1,1,0,1,0,1,1,0,0,0,0,2,2,1,1,1,0,1,0,1,1,0,2,1,0,1,1,2,0,0,0,1,0,0,0,1,0,2,1,1,0,0,1,0,1,1,0,1,0,0,1,0,1,0,0,1,0,2,1,0,0,2,0,0,0,0,0,1,1,2,0,0,0,2,0,0,1,1,0,0,2,2,0,1,0,2,0,0,0,1,1,2,2,2,1,0,0,1,200
2,0,1,1,1,2,1,0,0,0,0,0,0,2,2,1,0,1,0,1,0,0,1,0,2,2,1,2,2,1,1,0,2,1,1,1,0,0,0,1,2,0,0,0,0,0,1,1,0,1,0,0,2,1,1,0,2,1,0,0,1,0,1,2,2,0,0,0,2,1,1,0,1,0,1,0,1,0,0,1,0,0,1,2,1,2,0,0,0,1,0,2,2,0,0,0,2,0,0,1,200
1,0,1,0,0,0,1,1,1,0,0,1,0,1,0,0,1,2,0,1,0,1,0,0,0,0,1,1,1,2,1,0,2,2,2,0,0,0,0,2,1,1,0,1,0,1,2,1,1,2,2,0,1,0,2,1,1,0,0,1,2,0,2,0,1,1,0,0,2,2,1,0,0,0,1,2,0,0,0,0,0,0,2,2,1,0,0,1,0,1,0,1,0,2,0,0,0,0,1,1,200
2,2,2,0,0,0,1,0,1,0,0,1,0,1,1,1,0,1,0,2,0,1,0,1,1,1,0,0,1,0,0,1,1,2,0,0,0,1,0,0,2,1,0,0,1,0,0,1,1,0,2,0,0,0,0,1,2,1,0,2,0,0,1,0,2,0,0,0,1,2,0,1,1,0,0,0,0,1,1,2,0,0,2,2,1,2,0,1,1,1,1,2,0,1,1,1,0,1,1,0,200
