PATIENT_ID,4175,5030,1648,3785,3122,8642,4428,8151,6294,1808,4850,2707,818,1426,145,250,4436,390,7457,1726,276,8472,7536,1131,1124,5331,4970,3015,4943,8920,148,2114,249,1716,7678,8924,2187,3932,5243,1519,1253,3109,6078,6577,4582,1811,152,189,7519,6860,7779,3754,4142,5657,6619,4650,5756,4904,5410,2368,6987,426,3633,8278,5046,7484,2937,8708,1076,7677,7971,6107,5230,4126,1578,8007,8233,1890,7189,2686,197,4879,1337,8550,2823,4646,1638,7029,1758,4429,3630,3629,2271,3000,3247,6902,2169,3430,2265,6156
7249,1,0,0,1,1,0,0,0,2,1,1,0,1,0,1,1,1,0,1,0,0,0,1,0,1,0,0,0,1,0,1,0,0,1,0,0,0,0,0,0,0,1,0,1,2,2,1,1,0,2,2,0,0,0,1,1,2,0,0,0,0,0,1,0,0,2,0,1,1,2,0,1,0,2,0,1,0,1,0,2,0,0,2,0,2,1,0,0,0,0,0,1,0,2,0,0,0,0,1,0
7191,1,0,0,0,2,0,1,0,0,0,0,1,1,0,0,0,1,0,0,0,0,0,0,0,0,0,0,0,1,2,0,0,0,1,0,0,0,0,0,0,1,0,0,0,2,1,2,0,0,1,0,0,0,0,0,0,0,0,0,1,1,1,0,2,0,1,0,1,2,2,0,0,0,0,1,2,0,1,0,1,0,0,2,0,1,1,0,1,0,0,1,0,0,1,0,0,0,1,1,0
7141,0,0,0,0,0,0,1,0,2,0,0,0,0,1,1,0,2,0,2,1,0,0,0,0,0,0,0,2,1,0,1,0,0,2,1,0,0,1,0,0,0,0,1,0,0,0,1,1,0,0,0,0,1,1,0,0,1,1,0,0,0,0,2,0,1,1,0,0,0,1,0,1,0,0,0,1,0,2,0,0,1,0,0,0,0,2,0,1,1,0,2,1,2,0,0,0,1,0,1,0
7123,0,0,0,0,0,0,0,0,0,0,0,0,0,0,0,0,0,0,0,0,0,0,0,0,0,0,0,0,0,1,1,0,0,0,0,0,2,0,0,0,0,0,0,0,0,2,2,0,0,2,0,0,0,0,0,1,0,1,0,0,0,0,0,0,0,2,0,1,0,0,0,0,0,1,0,0,0,0,0,0,0,1,0,0,0,1,0,0,0,0,0,0,0,0,0,0,0,0,1,0
7075,2,0,0,0,0,2,0,2,0,0,1,0,0,1,0,1,1,0,0,0,2,0,1,0,2,0,0,0,0,0,1,0,0,0,0,0,0,1,0,1,0,0,1,0,1,0,2,0,0,0,2,1,0,0,0,1,1,1,1,1,1,2,2,1,1,0,0,1,1,0,0,2,0,0,0,0,2,0,1,1,0,1,0,0,1,0,0,1,1,0,0,1,0,1,1,0,1,0,1,0
7067,0,0,0,1,0,0,0,0,2,0,0,0,0,0,0,0,0,0,0,0,0,1,0,0,0,0,0,0,0,1,1,0,0,0,0,0,0,0,0,0,0,0,0,0,0,1,1,0,0,1,0,0,0,0,0,0,0,0,0,0,0,0,0,0,0,0,0,1,0,0,0,0,0,1,0,0,0,0,0,0,0,0,0,0,0,2,0,0,0,0,0,0,0,0,0,0,0,0,1,0
7065,0,0,0,1,0,0,0,0,2,0,0,0,0,0,0,0,0,0,0,0,0,1,0,0,0,0,0,0,0,0,1,0,0,0,0,0,0,0,0,0,0,0,0,0,1,1,1,0,0,0,0,0,0,0,0,1,0,2,0,0,0,0,0,0,0,0,0,1,0,0,0,0,0,0,0,0,0,0,0,0,0,0,0,0,0,0,0,0,0,0,0,0,0,0,0,1,1,0,1,0
7013,0,0,0,0,0,0,0,0,1,0,0,0,0,0,0,0,0,0,0,0,0,0,0,0,0,0,0,0,0,0,1,0,0,0,0,0,1,0,0,0,0,0,0,0,0,1,1,0,0,1,0,0,0,0,0,1,0,0,0,0,0,0,0,0,0,1,0,1,0,0,0,0,0,1,0,0,0,0,0,0,0,1,0,0,0,1,0,0,0,0,0,0,0,0,0,0,0,0,1,0
6957,0,0,0,0,0,0,0,0,1,0,0,0,0,0,0,0,0,0,0,0,0,0,0,0,0,0,0,0,0,1,1,0,0,0,0,0,0,0,0,0,0,0,0,0,0,2,1,0,0,1,0,0,0,0,0,0,0,2,0,0,0,0,0,0,0,1,0,0,0,0,0,0,0,0,0,0,0,0,0,0,0,1,0,0,0,1,0,0,0,1,0,0,0,0,0,1,0,0,1,0
6896,0,0,2,0,1,0,0,0,1,1,0,0,0,0,0,0,2,0,0,0,1,0,0,0,0,0,0,0,1,0,0,0,0,0,0,0,0,0,0,0,0,0,0,0,1,2,1,0,0,1,1,0,1,0,0,0,1,0,0,1,0,1,0,1,1,0,0,0,0,1,0,1,0,1,0,2,0,0,0,2,1,1,2,1,1,1,0,0,0,0,1,0,0,1,0,0,0,0,0,0
6865,1,0,1,1,0,1,1,1,1,0,1,0,0,1,0,1,0,1,1,0,0,0,0,0,2,0,1,1,0,1,1,1,0,0,0,0,0,2,2,0,0,0,0,0,0,0,1,0,0,1,1,1,1,1,0,0,0,0,1,0,1,0,1,0,1,1,2,0,0,1,0,1,0,0,0,1,0,0,0,2,2,0,1,2,1,0,1,0,1,0,1,1,0,0,0,1,1,2,0,1
6715,0,0,0,0,0,0,0,0,1,0,0,0,0,0,1,0,0,0,0,0,0,0,1,0,0,0,0,0,0,0,1,0,0,0,0,0,0,0,0,0,0,0,0,0,0,0,1,0,0,2,0,0,0,0,0,1,0,0,0,0,0,0,0,0,0,0,0,2,0,0,0,0,0,1,0,0,0,0,0,0,0,0,0,0,0,0,0,0,0,2,0,0,0,0,0,0,0,0,2,0
6658,2,0,1,1,0,0,0,0,2,0,0,0,0,0,1,1,0,0,0,0,1,0,0,0,0,0,0,0,2,0,1,0,0,1,0,0,0,0,0,0,0,1,0,1,1,0,1,0,0,1,2,1,0,0,0,1,0,0,0,0,0,1,0,0,1,2,0,0,2,1,0,2,0,1,0,0,0,0,0,1,1,0,1,2,1,0,0,0,0,1,0,0,1,1,1,1,0,1,0,0
6651,0,0,1,1,1,0,0,0,0,0,0,0,1,0,1,0,0,0,0,0,1,1,1,0,0,0,0,0,2,1,0,0,0,0,0,0,0,0,0,0,1,2,0,1,0,0,1,0,0,0,0,0,0,0,0,2,1,0,0,1,0,1,1,0,1,1,0,1,0,1,0,2,0,1,0,2,0,0,0,0,0,0,2,1,2,0,0,0,0,0,2,0,0,0,0,0,0,0,2,1
6596,0,0,0,1,0,0,0,0,1,0,0,0,0,0,1,0,0,0,0,0,0,1,0,0,0,0,0,0,0,0,1,0,0,0,0,0,0,0,0,0,0,0,0,0,1,0,1,0,0,1,0,0,0,0,0,2,0,0,0,0,0,0,0,0,0,1,0,1,0,0,0,0,0,0,0,0,0,0,0,0,0,1,0,0,0,2,0,0,0,1,0,0,0,0,0,0,1,0,0,0
6542,2,0,0,1,1,0,0,0,1,0,0,2,0,0,1,0,2,0,1,0,0,1,1,0,0,1,0,0,0,1,1,0,0,1,0,0,0,0,0,0,0,0,2,0,1,0,1,0,0,0,0,0,0,0,1,2,0,1,0,0,0,1,0,0,0,0,0,0,0,0,1,0,0,0,1,0,0,1,0,0,0,1,0,0,0,0,0,0,0,0,1,1,0,0,0,2,0,0,1,2
6521,0,0,0,0,0,0,0,0,1,0,0,0,0,0,2,0,0,0,0,0,0,0,0,0,0,0,0,0,0,0,1,0,0,0,0,0,0,0,0,0,0,0,0,0,1,1,1,0,0,1,0,0,0,0,0,1,0,0,0,0,0,0,0,0,0,0,0,0,0,0,0,0,0,0,0,0,0,0,0,0,0,1,0,0,0,1,0,0,0,0,0,0,0,0,0,0,1,0,2,0
6429,0,0,0,1,0,0,0,0,1,0,0,0,0,0,0,0,0,0,0,0,0,1,0,0,0,0,0,0,0,0,0,0,0,0,0,0,0,0,0,0,0,0,0,0,1,1,1,0,0,0,0,0,0,0,0,0,0,1,0,0,0,0,0,0,0,1,0,1,0,0,0,0,0,1,0,0,0,0,0,0,0,0,0,0,0,1,0,0,0,0,0,0,0,0,0,1,0,0,1,0
6405,0,0,0,1,0,0,0,0,0,0,0,0,0,0,2,0,0,0,0,0,0,0,0,0,0,0,0,0,0,0,2,0,0,0,0,0,1,0,0,0,0,0,0,0,1,1,1,0,0,1,0,0,0,0,0,1,0,0,0,0,0,0,0,0,0,0,0,1,0,0,0,0,0,0,0,0,0,0,0,0,0,0,0,0,0,1,0,0,0,0,0,0,0,0,0,0,1,0,0,0
6340,0,0,0,0,0,0,0,1,0,0,0,0,0,0,0,0,0,0,0,0,1,0,0,0,0,0,0,0,0,0,0,0,0,0,0,0,0,0,0,0,0,0,0,0,0,1,0,0,0,0,1,0,0,0,1,2,0,0,0,0,1,0,0,0,0,2,0,0,0,0,0,0,0,1,0,0,0,0,0,0,0,0,0,0,0,0,2,0,0,0,0,0,0,0,0,0,0,0,0,1
6330,1,0,2,1,1,2,0,0,0,0,2,0,0,1,1,0,1,0,1,1,1,1,0,1,0,0,0,0,1,1,2,0,0,1,1,1,2,1,1,0,0,0,1,0,2,1,1,0,0,0,1,1,0,2,1,1,2,0,0,1,1,1,1,0,0,1,0,1,1,1,1,0,1,0,1,2,1,0,0,0,0,0,0,0,1,0,2,1,0,0,1,0,0,0,0,0,0,2,1,0
6234,1,0,0,0,1,0,0,0,1,0,0,1,0,1,1,2,1,2,1,0,0,0,0,0,0,0,1,0,1,1,0,0,0,0,2,2,0,1,0,0,1,0,0,0,0,0,1,1,1,0,0,0,0,1,0,1,1,1,0,0,0,1,0,0,1,1,2,0,0,0,0,1,1,0,1,1,0,1,0,2,1,0,0,0,0,0,0,1,1,0,0,1,0,0,0,0,0,0,2,0
5960,1,0,1,0,1,0,0,0,1,0,0,0,0,0,1,1,0,0,0,0,1,0,0,1,0,0,0,0,2,0,0,0,1,0,0,0,1,0,0,0,0,0,0,1,0,0,1,0,0,1,0,0,0,0,1,2,0,1,1,2,0,1,0,0,0,1,0,0,1,1,0,0,0,0,1,1,0,1,0,0,0,0,1,0,0,1,0,1,0,1,1,0,0,0,0,1,0,1,0,0
5957,0,0,0,2,0,0,0,0,2,0,0,0,0,0,0,0,0,0,0,0,0,2,1,0,0,0,0,0,0,0,1,0,0,0,0,0,1,0,0,0,0,0,0,0,1,0,2,0,0,1,0,0,0,0,0,0,0,1,0,0,0,0,0,0,0,0,0,0,0,0,0,0,0,0,0,0,0,0,0,0,0,0,0,0,0,0,0,0,0,0,0,0,0,0,0,1,0,0,2,0
5932,0,0,0,0,0,0,0,0,1,0,0,0,2,2,1,0,1,1,1,1,1,0,0,0,0,0,1,1,1,0,0,0,0,1,0,0,0,0,1,0,1,0,0,1,0,0,1,0,0,0,0,0,0,1,0,1,2,1,0,0,1,2,2,0,0,1,2,0,0,1,0,1,0,1,0,0,0,1,1,0,0,0,0,0,0,0,0,1,1,0,1,1,0,0,1,0,0,0,1,0
5850,0,0,0,1,0,0,0,0,0,0,0,0,0,0,1,0,0,0,0,0,0,1,0,0,0,1,0,0,0,1,0,0,0,0,0,0,2,0,0,0,0,0,0,0,2,0,0,0,0,0,0,0,0,0,0,1,0,0,0,0,0,0,0,0,0,1,0,1,0,0,0,0,0,1,0,0,0,0,0,0,0,0,0,0,0,2,0,0,0,0,0,0,0,0,0,0,2,0,2,0
5842,1,0,2,0,0,1,0,0,1,0,0,0,0,2,0,1,1,0,0,0,0,1,0,0,0,0,0,0,2,1,0,0,1,1,0,0,0,0,0,0,0,1,0,0,1,0,1,0,0,1,0,0,0,0,1,0,2,1,2,0,1,1,0,1,1,2,0,1,0,0,0,0,0,1,1,2,0,2,0,1,1,0,2,2,1,1,0,0,0,0,2,0,0,1,0,0,0,1,1,2
5717,0,0,0,0,0,0,0,0,1,0,0,0,0,0,0,0,0,0,0,0,0,0,0,0,0,0,0,0,0,0,1,0,0,0,0,0,1,0,0,0,0,0,0,0,1,1,1,0,0,1,0,0,0,0,0,0,0,0,0,0,0,0,0,0,0,0,0,0,0,0,0,0,0,0,0,0,0,0,0,0,0,0,0,0,0,0,0,0,0,0,0,0,0,0,0,0,0,0,1,0
5605,0,0,1,1,0,0,1,0,0,1,0,0,1,2,2,0,1,0,0,0,0,1,0,0,0,0,0,0,1,0,0,0,2,1,0,0,0,0,0,0,0,0,0,0,0,0,1,0,0,1,0,0,0,0,0,1,1,1,2,0,0,1,0,0,0,0,0,2,1,0,0,0,0,0,1,0,0,1,0,1,1,0,2,1,0,0,0,0,0,0,0,0,0,0,0,1,0,1,0,0
5578,0,0,0,0,0,0,0,0,1,0,0,0,0,0,0,0,0,0,0,0,0,0,1,0,0,1,0,0,0,0,1,0,0,0,0,0,1,0,0,0,0,0,0,0,1,2,1,0,0,0,0,0,0,0,0,1,0,1,0,0,0,0,0,0,0,0,0,2,0,0,0,0,0,0,0,0,0,0,0,0,0,0,0,0,0,0,0,0,0,0,0,0,0,0,0,1,1,0,0,0
5529,1,0,2,0,1,0,0,0,1,1,0,1,1,1,0,1,0,1,0,0,1,0,0,1,2,1,1,1,0,1,0,0,0,1,0,1,0,1,1,1,0,1,1,0,0,1,1,0,0,0,1,1,0,0,1,2,0,1,1,1,0,0,2,0,1,1,2,1,1,0,0,1,0,0,0,0,1,1,0,0,1,1,1,2,2,0,0,1,0,0,1,0,1,0,0,2,0,1,0,0
5488,1,0,0,0,0,0,1,0,1,1,0,0,1,0,1,0,2,1,1,0,0,0,0,0,0,0,0,1,1,1,2,0,0,0,1,1,0,2,0,0,1,0,1,0,0,0,0,0,1,0,0,0,0,1,0,1,1,1,0,0,2,0,1,0,1,1,0,0,0,2,0,0,0,0,1,2,0,0,0,2,0,0,0,0,0,2,0,0,0,0,0,1,0,0,0,0,1,0,0,0
5426,2,0,0,1,0,0,0,0,0,0,0,0,1,1,0,0,0,1,0,0,1,0,0,0,0,0,0,2,0,2,1,1,0,0,1,1,0,1,2,0,0,0,1,0,0,0,1,0,0,0,0,0,1,0,1,1,1,1,0,0,1,1,1,0,2,1,0,0,0,1,0,1,0,0,0,1,0,0,0,0,0,0,0,0,0,0,0,0,0,1,1,0,0,0,1,0,0,0,1,2
5370,1,0,0,0,1,0,0,0,0,0,0,0,0,1,0,2,2,0,1,0,1,0,0,0,0,0,0,1,0,0,1,0,0,1,2,1,0,1,0,1,0,0,1,0,0,0,1,1,1,0,0,0,1,1,0,1,0,0,0,0,1,0,0,0,2,0,0,0,0,0,0,1,1,0,0,2,0,1,1,1,1,0,0,0,0,2,0,2,1,0,1,1,0,0,1,1,2,0,2,0
5333,0,0,2,0,1,0,0,0,1,0,2,0,0,0,1,1,0,0,0,0,1,1,0,0,2,1,0,0,0,0,0,0,0,1,0,0,0,0,0,0,0,1,0,0,0,1,0,1,0,0,0,1,0,0,0,1,1,1,0,0,0,0,2,1,1,0,0,2,1,0,0,0,0,1,0,1,1,2,0,2,0,1,1,1,1,0,0,1,0,1,0,0,0,2,0,0,0,0,0,0
5242,0,0,1,0,0,0,0,1,1,0,0,0,0,0,1,0,1,0,0,0,2,0,0,0,1,1,0,0,0,1,0,0,0,0,0,0,0,0,0,0,0,0,0,1,1,1,0,0,0,0,0,0,0,0,0,0,0,1,0,1,1,0,0,0,0,1,0,0,0,0,0,0,0,0,0,0,2,0,0,0,0,0,0,0,1,0,0,1,0,1,0,0,0,0,0,1,0,0,0,1
5241,0,0,0,0,0,0,0,0,0,0,0,0,0,0,0,0,0,0,0,0,0,0,0,0,0,0,0,0,0,1,2,0,0,0,0,0,1,0,0,0,0,0,0,0,1,1,2,0,0,1,0,0,0,0,0,0,0,0,0,0,0,0,0,0,0,2,0,1,0,0,0,0,0,0,0,0,0,0,0,0,0,0,0,0,0,1,0,0,0,1,0,0,0,0,0,0,0,0,0,0
5234,0,0,0,0,1,0,1,0,2,0,0,0,0,0,1,1,0,0,2,0,1,0,0,0,0,0,1,1,1,0,1,1,0,2,1,1,0,0,1,0,0,0,0,0,0,0,2,0,1,0,0,0,0,0,0,2,0,0,0,0,0,0,0,0,0,1,2,0,0,2,0,0,0,1,0,1,0,1,1,1,1,0,0,0,0,1,0,0,2,0,1,0,0,0,0,0,0,0,0,0
5087,1,1,0,0,1,0,0,0,0,2,0,0,1,1,0,1,0,1,1,0,0,0,0,0,0,0,0,0,1,2,1,0,0,2,1,0,0,1,2,1,1,0,0,0,0,0,2,0,0,0,0,0,0,2,0,0,1,0,0,0,1,1,0,0,1,0,0,0,0,1,0,0,0,0,0,2,0,0,1,0,1,0,0,0,0,0,0,1,2,0,1,1,0,0,0,0,2,0,1,0
5043,0,0,0,0,0,0,0,0,2,0,0,0,0,0,0,0,0,0,0,0,0,0,0,0,0,0,0,0,0,2,0,0,0,0,0,0,0,0,0,0,0,0,0,0,0,1,1,0,0,1,0,0,0,0,0,0,0,0,0,0,0,0,0,0,0,1,0,0,0,0,0,0,0,0,0,0,0,0,0,0,0,0,0,0,0,1,0,0,0,1,0,0,0,0,0,0,0,0,0,0
4946,0,0,0,0,0,0,0,0,1,0,0,0,0,0,0,0,0,0,0,0,0,0,0,0,0,0,0,0,0,0,1,0,0,0,0,0,1,0,0,0,0,0,0,0,0,0,1,0,0,0,0,0,0,0,0,1,0,1,0,0,0,0,0,0,0,0,0,0,0,0,0,0,0,0,0,0,0,0,0,0,0,0,0,0,0,1,0,0,0,0,0,0,0,0,0,0,0,0,1,0
4918,2,0,0,0,0,0,0,0,1,0,0,0,1,1,1,0,2,0,1,0,0,0,0,0,0,0,1,1,0,0,0,1,0,0,1,1,0,1,1,0,0,0,0,0,0,0,2,0,0,0,0,0,1,0,0,0,2,2,0,0,0,1,1,0,2,0,0,0,0,0,0,1,0,0,0,2,0,0,0,1,1,0,0,0,0,1,0,1,1,0,1,0,1,0,0,1,0,0,2,1
4912,0,0,0,0,0,0,0,0,0,0,0,0,0,0,0,0,0,0,0,0,0,1,0,0,0,0,0,0,0,0,0,0,0,0,0,0,0,0,0,0,0,0,0,0,0,0,0,0,0,2,0,0,0,0,0,0,0,0,0,0,0,0,0,0,0,0,0,0,0,0,0,0,0,0,0,0,0,0,0,0,0,0,0,0,0,0,0,0,0,0,0,0,0,0,0,0,1,0,1,0
4820,1,0,0,0,0,0,1,0,2,0,0,0,1,0,0,1,1,0,0,0,0,0,0,0,0,0,0,2,0,0,0,0,1,2,1,1,0,1,0,1,0,0,1,1,0,0,1,0,1,0,0,0,0,0,0,0,0,2,0,0,0,0,0,0,1,0,0,0,0,0,0,2,2,1,0,1,0,2,0,1,0,0,0,0,0,1,0,0,1,0,2,0,0,0,0,0,0,0,1,0
4736,2,1,0,0,0,0,0,0,0,1,0,0,1,2,1,0,1,0,1,1,1,0,0,0,0,0,1,0,1,0,0,0,0,1,1,0,0,1,1,2,0,0,0,0,0,0,1,0,1,0,0,0,0,1,1,1,1,0,0,0,0,0,0,0,0,0,1,0,0,0,0,1,1,1,0,1,0,1,0,1,0,0,0,0,0,1,0,0,1,0,1,0,0,0,0,0,0,0,1,1
4646,1,0,0,1,1,1,0,0,2,0,0,0,1,0,1,0,1,0,0,0,1,0,0,1,0,0,0,0,1,1,0,0,0,0,0,0,1,0,0,0,2,0,0,2,1,0,1,0,0,1,0,0,1,0,1,0,0,0,0,0,1,0,1,0,0,2,0,1,0,0,0,1,0,0,1,1,0,0,0,0,1,0,0,0,1,1,0,0,0,1,0,0,0,1,0,0,0,0,0,1
4640,0,1,1,0,1,2,2,1,1,0,1,0,1,0,1,1,2,2,0,1,1,1,0,0,1,0,0,0,1,2,1,0,0,1,0,1,0,1,1,1,0,0,0,1,1,1,2,1,0,1,1,0,0,1,1,1,0,0,0,0,1,0,1,1,1,1,0,0,0,1,1,2,1,2,0,0,0,0,0,0,1,0,1,1,0,2,2,2,1,1,1,1,0,1,0,1,1,1,1,1
4624,2,0,0,0,2,0,1,0,2,0,0,1,0,2,1,1,1,1,2,0,0,0,0,0,0,0,1,2,2,0,0,0,0,1,2,0,0,1,0,0,0,0,1,1,0,0,0,0,0,0,0,0,0,1,0,1,2,1,0,0,1,0,2,0,1,1,0,0,0,1,0,0,0,1,0,0,0,0,0,2,0,0,0,0,0,2,0,0,1,2,0,1,0,0,0,1,0,0,0,0
4610,2,0,0,0,0,0,1,0,0,0,0,0,1,2,0,1,2,0,0,0,0,0,1,0,0,0,0,0,2,0,0,0,0,1,0,0,0,0,0,0,0,1,0,1,0,1,0,0,0,0,0,0,0,0,0,0,2,0,0,1,0,1,1,0,2,1,0,1,0,1,1,1,0,1,0,1,0,1,0,0,0,0,1,0,2,1,0,1,0,0,0,0,0,0,0,0,0,2,2,0
4376,1,0,0,0,0,1,0,0,1,0,0,1,0,1,1,0,0,0,0,0,2,0,1,0,0,0,0,0,2,0,0,0,0,0,0,0,0,0,0,0,0,0,0,1,1,1,1,0,0,1,0,0,1,0,1,2,1,2,1,1,0,0,1,0,0,1,0,1,1,0,1,0,0,1,0,0,0,0,0,1,1,0,1,1,0,1,0,1,0,0,1,0,0,0,0,1,0,0,1,1
4372,1,1,0,0,0,0,2,0,0,0,0,0,0,1,0,1,1,0,1,0,1,0,0,0,0,0,1,2,1,0,0,0,0,2,2,0,0,1,0,0,0,0,0,0,0,0,2,0,0,0,0,0,0,0,1,1,1,0,0,0,0,0,0,0,1,2,0,0,0,1,0,1,0,1,0,0,0,0,1,0,1,0,0,0,0,1,0,0,1,0,0,2,0,0,0,0,0,0,0,0
4304,0,0,1,0,0,0,0,0,1,2,1,0,0,0,1,1,0,0,0,0,1,1,0,1,1,1,0,0,1,2,2,0,0,1,0,0,0,0,0,0,0,0,0,0,0,0,0,0,0,0,2,2,0,0,1,0,0,1,2,1,0,2,1,0,1,1,0,0,2,1,1,0,0,0,0,1,1,0,0,1,0,0,1,0,0,0,1,0,0,0,2,0,0,0,0,0,0,0,0,0
4159,0,0,0,0,1,0,0,0,1,0,0,2,1,1,1,1,0,0,1,0,1,0,0,0,0,0,2,1,1,0,0,0,0,1,2,0,0,2,0,0,0,0,1,0,0,0,1,0,1,0,0,0,0,1,1,0,0,0,0,0,1,0,0,0,1,0,1,0,0,1,1,1,0,1,1,1,0,2,1,1,2,0,0,0,0,1,0,2,1,0,0,1,0,0,1,1,1,0,1,1
4072,1,0,0,1,0,2,1,0,0,0,0,0,1,0,1,1,2,0,0,0,1,1,0,0,0,0,0,0,0,0,0,1,0,1,0,0,0,0,0,0,0,2,0,0,1,1,1,0,0,0,0,0,0,0,0,0,1,1,0,1,0,0,0,0,1,2,0,2,1,1,0,1,0,1,0,1,0,0,0,2,1,0,0,0,0,0,0,0,0,0,0,0,0,0,0,1,0,2,1,2
3995,2,0,0,0,1,1,0,0,2,0,0,0,0,1,1,1,2,0,0,0,0,1,0,1,0,0,0,0,0,0,0,0,0,0,0,0,0,0,0,0,1,1,0,0,0,0,0,0,0,0,0,0,1,0,0,1,1,0,1,1,1,0,2,0,0,1,0,1,0,1,0,0,0,0,1,1,0,1,0,2,0,0,0,1,0,2,0,0,0,0,1,0,0,1,0,0,0,1,1,1
3971,0,1,0,0,2,0,0,0,0,0,0,0,1,1,1,2,2,0,0,0,0,0,0,0,0,0,0,1,1,0,1,0,1,0,0,1,0,1,1,1,0,0,1,1,0,0,2,0,0,0,0,0,1,1,1,0,1,0,0,0,1,0,0,0,1,2,1,0,0,0,0,1,1,0,0,0,0,2,0,0,1,0,0,0,0,0,0,1,1,1,1,0,0,0,0,0,0,0,0,1
3943,2,1,0,0,1,0,0,0,1,0,0,0,1,0,1,1,2,0,0,1,1,0,0,0,0,0,1,1,2,0,0,1,1,1,0,0,0,2,2,0,0,0,1,0,0,0,1,0,0,0,0,0,0,0,0,0,2,0,0,0,0,0,0,0,1,2,1,0,0,1,0,0,1,0,0,2,0,0,0,0,2,0,0,0,0,0,0,0,0,0,2,1,2,0,0,1,1,0,0,2
3892,1,0,0,0,0,1,0,0,1,0,0,1,1,2,0,0,2,0,0,0,0,1,0,0,0,0,0,0,0,1,0,0,0,0,0,0,0,0,0,0,1,2,0,1,1,0,0,0,0,1,0,0,0,0,0,1,1,0,0,1,0,0,0,0,1,1,0,2,1,1,0,1,0,0,1,0,0,1,0,1,0,0,1,0,2,1,0,2,0,1,0,0,0,0,1,0,0,1,1,0
3815,2,1,0,0,0,0,1,0,1,0,0,1,1,1,1,0,0,0,1,0,0,0,0,0,0,0,0,1,0,0,2,0,0,0,0,0,0,1,0,1,0,0,1,0,0,0,0,0,0,0,0,0,0,1,0,0,1,1,0,0,1,0,0,0,2,2,0,0,0,1,0,1,1,1,0,1,0,1,1,0,2,0,0,0,0,0,0,1,0,0,1,2,2,0,1,0,0,0,1,0
3792,2,0,0,0,1,0,1,0,2,0,0,0,0,0,2,1,0,0,0,0,0,0,0,0,0,0,1,2,0,0,1,0,0,2,1,1,0,1,2,0,0,0,0,0,0,0,1,0,0,0,0,0,1,0,0,0,0,1,0,0,0,1,0,0,0,1,0,0,0,1,0,0,1,1,0,2,0,0,0,0,0,0,0,0,0,1,0,0,0,0,0,2,0,0,1,1,0,0,1,2
