PATIENT_ID,6975,79,6778,8424,5663,8593,9385,6808,4690,7588,9157,7643,4001,1252,2240,925,8782,6957,917,3341,2300,5874,5222,2095,2514,9153,313,3855,457,8114,9006,8660,3433,2612,8056,3268,3823,3110,6468,1632,1983,4326,5643,5279,5860,8741,4933,461,6070,2610,5818,2539,5405,4913,4123,8350,3507,2311,6962,7949,3029,8026,5746,2406,5195,2455,5888,362,6695,8244,4245,6993,3142,2708,8067,2077,5235,7456,3019,360,3076,7054,2529,7509,8039,9345,6349,3293,2132,3756,735,2499,4998,7703,6346,2690,8828,1722,5069,4669
0,0,0,1,0,0,1,1,1,0,0,2,0,1,0,0,0,0,2,1,0,0,0,0,0,1,0,2,0,0,0,0,0,0,0,0,0,0,1,0,0,0,0,0,0,0,1,2,0,0,1,1,0,1,0,0,1,0,0,0,0,1,1,0,0,2,0,1,0,1,0,0,1,1,1,0,0,1,0,0,2,0,0,0,2,0,0,0,2,0,0,1,0,1,0,0,0,0,0,0,0
1,1,1,0,1,0,2,0,0,2,0,0,0,0,1,0,0,1,0,0,0,0,2,0,0,2,0,0,0,0,0,1,1,0,0,0,0,2,1,2,0,0,0,0,0,1,0,0,0,0,1,1,0,0,0,0,0,0,0,0,2,0,1,0,0,1,0,1,1,1,0,1,0,1,0,0,0,1,0,0,0,0,0,0,0,1,0,0,1,0,0,1,1,0,0,0,0,0,0,2,1
2,1,0,0,1,0,2,0,1,0,1,0,1,0,0,0,0,0,0,0,0,0,1,0,0,1,2,0,0,0,1,1,0,0,0,0,0,0,0,1,0,0,0,0,1,0,1,0,0,1,1,1,0,0,1,0,1,0,2,1,0,0,0,0,2,0,0,0,0,0,0,1,0,0,1,1,1,0,0,0,1,1,0,0,0,0,0,1,1,1,0,0,0,0,0,0,1,0,1,0,0
3,0,0,0,0,0,1,0,1,1,0,2,0,1,0,0,0,0,1,1,0,0,1,0,0,0,2,0,1,0,0,1,1,0,2,1,1,0,0,0,0,0,0,1,0,0,1,2,0,0,1,2,2,0,1,0,2,2,1,0,1,0,0,1,1,1,0,0,0,0,0,1,1,0,0,1,0,1,0,1,0,0,0,0,1,1,1,0,1,2,0,0,1,0,0,0,0,0,2,0,0
4,1,1,0,0,0,1,1,2,2,0,0,1,0,1,1,0,0,0,0,0,0,2,0,0,0,0,1,0,1,0,1,1,0,0,1,0,2,0,0,0,1,0,0,0,1,2,0,2,1,0,0,1,0,0,0,0,0,0,2,1,1,1,0,0,0,0,1,0,1,0,0,1,2,1,0,0,1,0,1,0,0,0,0,0,2,2,0,1,2,0,0,0,1,0,0,0,0,1,0,0
5,1,0,0,1,0,1,0,0,0,0,1,1,1,0,0,0,1,0,1,1,0,0,0,0,1,0,0,1,1,0,0,0,0,1,0,0,2,0,0,0,0,0,0,0,1,2,1,0,0,1,0,0,1,1,0,1,0,0,0,2,0,0,0,1,1,0,1,0,1,0,0,0,1,1,0,0,1,0,0,0,0,1,0,0,0,0,0,0,0,0,0,0,2,0,0,0,0,1,0,0
6,0,0,0,2,0,1,0,1,2,0,2,0,1,0,0,0,0,0,1,2,0,2,0,0,0,2,0,0,0,0,1,0,0,1,1,0,0,0,1,0,0,0,0,0,0,1,1,0,1,0,2,1,0,1,0,0,0,0,0,1,0,0,0,2,0,0,2,1,0,0,0,0,1,0,0,2,1,0,1,0,0,1,0,0,1,1,0,1,2,0,0,0,0,0,0,0,0,2,2,0
7,1,0,1,0,0,0,0,2,0,2,1,1,1,0,0,0,0,1,0,0,0,0,0,0,1,0,1,1,0,0,0,0,0,0,0,0,0,1,0,0,0,0,0,0,0,0,0,2,0,2,0,0,1,0,0,1,0,1,2,1,0,0,0,2,1,0,2,0,2,0,1,0,2,0,0,0,1,0,0,0,0,0,1,0,0,0,0,1,2,0,0,0,2,0,0,0,0,1,0,0
8,2,0,0,1,0,1,2,0,2,0,0,1,0,0,0,0,0,2,0,0,0,0,0,0,1,2,0,0,0,0,0,0,0,0,0,0,0,0,2,0,0,0,0,0,1,1,1,1,1,2,0,1,0,1,0,1,0,0,1,0,0,0,0,1,0,0,2,1,1,0,1,1,2,0,1,2,0,0,1,1,0,1,0,0,1,0,0,1,2,0,1,0,2,0,0,1,0,1,0,0
9,0,0,0,1,0,1,0,2,0,1,0,1,0,1,0,0,1,0,0,0,1,0,0,0,0,0,1,1,1,0,1,1,1,1,0,0,0,0,1,0,0,0,0,0,0,0,0,0,1,0,2,0,1,0,0,1,0,1,2,1,0,0,0,0,0,0,2,0,2,1,0,0,1,1,1,0,1,0,0,0,0,1,1,2,2,0,1,0,1,0,0,0,0,0,0,1,0,0,0,1
10,0,0,0,0,0,1,1,2,1,0,0,0,0,0,0,0,0,0,0,0,0,0,0,0,0,0,2,0,1,0,0,0,0,0,1,1,0,0,0,0,0,0,0,0,0,1,0,1,0,1,1,1,0,0,0,1,0,0,2,1,1,1,2,1,0,0,0,0,1,0,0,1,0,0,2,0,2,0,0,0,0,0,0,0,1,2,0,2,1,1,0,0,0,0,0,1,0,0,2,1
11,2,1,0,1,0,1,0,0,0,1,2,0,1,1,0,0,0,1,0,0,0,2,0,0,0,0,0,0,1,0,1,0,0,0,1,1,1,0,0,0,0,0,0,0,0,1,0,0,1,1,1,1,2,0,0,0,0,0,0,0,1,1,2,0,0,0,1,0,0,0,0,0,1,0,1,0,0,0,0,2,0,0,0,0,0,0,0,2,1,0,0,0,0,0,0,0,0,2,0,0
12,2,0,0,0,0,0,0,1,0,0,2,0,1,0,1,0,0,0,1,0,0,2,0,0,0,1,0,0,0,0,0,0,1,0,1,0,0,0,0,0,0,0,1,0,0,1,0,0,0,1,2,0,2,1,0,1,2,0,0,1,1,0,0,0,0,0,1,0,1,0,0,1,1,1,0,2,1,0,1,0,0,0,0,0,0,0,0,2,1,0,1,0,0,0,0,0,0,0,0,1
13,0,0,0,0,0,1,0,0,0,1,2,0,1,0,0,0,0,1,0,0,1,2,0,0,1,2,1,0,1,1,0,0,0,0,1,0,0,0,0,0,0,0,0,0,0,1,0,0,1,2,0,0,0,0,0,0,0,1,0,1,1,0,2,0,1,0,1,1,0,0,1,0,1,2,0,0,1,0,0,1,0,0,1,2,0,0,1,2,0,0,0,0,0,0,0,0,0,1,0,0
14,1,0,1,2,0,1,0,1,1,0,2,1,1,1,0,0,0,0,0,0,1,1,0,0,0,1,1,0,0,0,0,0,0,0,0,0,0,1,1,0,0,0,0,0,0,1,1,0,0,0,0,1,0,0,0,0,0,0,1,0,0,0,1,1,0,0,1,1,2,1,0,1,2,0,2,1,1,0,1,1,0,2,0,0,0,0,0,2,1,0,0,0,0,0,0,0,0,2,0,1
15,0,0,0,1,0,0,0,0,0,1,1,1,1,0,0,0,0,0,0,0,0,2,0,0,1,0,2,1,0,0,0,0,0,0,0,1,1,0,0,0,0,0,1,0,1,2,0,1,1,0,1,0,1,0,0,0,0,0,0,2,0,0,0,0,0,0,1,2,0,0,1,1,2,0,1,2,1,0,1,1,0,0,0,2,0,1,1,2,1,0,0,1,1,0,0,0,0,0,2,0
16,2,0,0,1,0,2,1,2,0,1,1,0,0,0,0,0,0,0,0,0,1,1,0,0,0,0,1,0,0,0,0,0,1,0,0,0,1,0,0,0,0,0,0,0,0,1,1,1,1,0,1,0,0,0,0,1,0,1,2,1,0,0,0,2,1,0,1,0,0,0,0,1,0,2,0,0,1,0,1,0,0,0,1,2,0,1,1,0,1,0,1,0,2,0,0,0,0,1,2,0
17,0,0,0,1,0,1,0,0,1,1,0,0,0,0,0,0,0,1,0,0,0,1,0,0,1,0,0,1,1,0,2,0,0,0,0,1,1,0,0,0,1,0,0,0,0,0,2,0,1,2,1,1,1,0,0,1,0,2,0,1,2,1,0,0,1,0,2,0,0,0,1,1,2,1,1,0,1,0,1,0,0,0,0,0,0,0,0,0,1,0,0,0,2,0,0,0,0,0,2,0
18,1,0,0,1,0,1,0,1,1,0,0,0,0,1,0,0,0,1,0,0,0,0,0,0,1,0,0,0,0,1,1,0,0,1,1,0,0,0,1,0,1,0,0,0,1,1,0,0,1,1,0,1,0,0,0,0,1,0,1,1,1,1,0,1,0,0,1,0,1,0,0,0,1,0,1,0,1,0,1,0,1,0,0,0,1,1,0,0,0,1,0,0,1,0,0,1,0,2,0,1
19,2,0,0,2,0,0,2,1,0,0,1,1,0,1,0,0,1,0,0,0,0,0,0,0,0,0,2,0,0,0,0,0,0,0,0,0,0,0,2,0,0,0,0,0,1,1,0,0,0,2,0,1,0,0,0,1,0,1,0,1,0,1,2,0,1,0,2,0,1,1,0,0,0,2,0,1,0,0,1,0,0,1,0,1,0,0,0,1,1,0,1,0,2,0,0,1,0,1,1,0
20,0,0,0,0,0,0,2,1,0,1,0,0,0,1,0,0,1,1,0,0,1,0,0,0,1,0,0,0,0,0,2,1,0,1,0,1,1,0,1,0,0,0,0,0,0,2,2,0,0,2,0,1,0,0,0,1,0,2,1,0,2,1,0,0,1,2,2,0,0,0,0,0,0,1,1,0,0,0,1,0,0,0,0,1,0,0,0,0,0,0,0,0,1,0,0,1,0,2,0,0
21,0,0,1,2,0,2,1,2,0,0,0,1,0,0,0,0,0,0,0,0,0,2,0,0,0,0,1,1,0,1,0,0,0,1,1,1,0,0,0,0,1,0,0,0,0,1,1,1,1,1,0,1,0,0,0,0,1,0,2,0,1,1,0,0,0,1,1,0,1,0,0,0,1,2,1,1,0,0,0,0,0,0,0,0,0,1,0,1,1,1,0,1,1,0,0,0,0,0,0,1
22,0,0,0,1,0,1,1,0,0,0,0,0,0,0,0,0,0,0,0,0,1,1,0,0,0,2,1,0,1,0,1,0,0,2,2,1,0,0,0,0,0,0,0,0,0,0,0,2,1,0,1,0,0,1,0,2,0,2,2,1,0,1,2,0,2,0,1,2,0,0,0,0,0,0,2,0,1,0,0,1,0,1,1,0,0,1,0,1,2,0,0,0,0,0,0,0,0,0,0,0
23,0,1,0,0,0,0,0,0,1,0,1,1,1,1,1,0,0,0,0,0,0,2,0,0,1,1,0,0,0,1,1,1,0,0,0,1,0,0,0,0,0,0,1,0,0,1,0,1,0,1,0,0,0,1,0,1,0,0,1,1,0,2,0,0,0,1,0,0,0,1,0,1,1,1,1,0,1,0,2,0,0,0,0,0,1,0,0,2,0,0,0,1,1,0,0,0,0,2,0,1
24,1,0,1,2,0,0,0,0,0,0,0,0,0,0,0,0,0,0,0,0,0,2,0,0,2,2,1,0,0,0,2,0,1,2,0,1,0,0,0,0,0,0,0,0,0,1,0,0,0,0,1,1,0,1,0,0,1,0,2,1,0,1,1,0,0,2,2,1,1,0,2,0,1,0,2,1,1,0,1,1,0,1,0,0,0,0,0,0,1,0,0,1,2,0,0,0,0,1,1,0
25,1,0,0,2,0,0,1,2,0,1,1,0,0,0,0,0,0,0,0,0,1,2,0,0,0,0,1,0,0,0,1,0,0,1,0,0,0,0,1,0,0,0,0,0,0,2,1,0,0,1,0,1,2,0,0,0,0,0,2,0,0,1,0,0,1,2,1,1,0,1,2,0,1,2,1,2,1,0,0,1,0,0,1,0,0,1,0,2,1,0,0,0,1,0,0,0,0,0,0,1
26,1,1,0,2,0,1,0,2,0,0,1,1,0,0,0,0,0,0,1,0,1,2,0,0,1,1,2,1,1,0,0,0,0,1,0,1,0,0,0,0,1,0,0,0,1,1,1,1,1,0,1,1,0,1,0,2,2,2,0,1,2,1,2,0,0,0,0,2,0,0,1,1,0,2,1,2,1,0,1,0,0,1,0,1,0,0,0,0,1,0,0,0,2,0,0,0,0,2,0,1
27,1,0,0,0,0,2,0,2,1,0,0,0,0,0,0,0,0,2,0,0,0,2,0,0,1,0,0,2,0,0,0,0,0,0,0,1,0,0,1,0,0,0,0,0,1,1,1,2,1,2,0,1,0,0,0,1,0,1,0,2,2,0,0,2,2,0,2,0,1,0,0,0,2,1,0,1,0,0,0,0,0,0,1,1,0,0,0,1,2,0,1,0,1,0,0,0,0,1,1,0
28,0,1,0,1,0,1,1,0,0,0,1,0,0,0,0,0,0,0,1,0,0,1,0,0,0,0,2,0,0,0,1,0,0,0,2,0,0,0,1,0,0,0,0,0,1,1,0,2,0,1,0,0,1,1,0,2,0,2,0,0,1,2,1,1,0,0,0,2,0,0,1,0,2,0,1,0,0,0,0,0,0,0,1,0,0,0,0,2,1,0,0,1,0,0,0,0,0,0,0,0
29,1,1,0,1,0,1,1,1,1,0,0,0,0,0,0,0,0,0,1,0,0,1,0,0,0,0,0,0,0,0,1,0,1,0,1,0,0,0,1,0,0,0,0,0,1,1,0,0,1,0,1,1,0,0,0,0,0,1,0,0,0,0,0,2,0,1,1,2,0,0,0,1,2,0,0,0,2,0,1,1,0,1,1,2,0,0,1,0,2,0,0,1,0,0,0,0,0,0,0,1
30,1,1,0,2,0,1,0,1,0,2,1,1,1,0,0,0,0,0,1,0,0,2,0,0,0,0,0,2,0,1,0,0,0,2,0,1,0,1,0,0,1,0,0,0,1,1,0,0,1,0,0,1,0,1,0,2,0,1,0,2,2,1,0,0,2,2,0,0,1,0,1,0,0,0,1,1,0,0,0,0,0,2,0,1,2,0,0,0,1,0,0,0,2,0,0,0,0,0,1,1
31,2,0,0,0,0,0,0,0,1,0,1,0,0,0,0,0,0,0,1,0,0,0,0,0,1,0,2,0,0,0,1,1,0,1,1,0,0,0,0,0,0,0,0,0,1,0,0,0,1,1,0,1,0,1,0,0,0,0,0,2,0,1,0,0,0,1,1,0,0,0,0,1,1,1,1,0,1,0,1,0,0,0,0,0,0,0,0,2,0,0,1,1,1,0,0,0,0,1,0,0
32,1,0,0,0,0,1,0,1,0,0,0,0,0,0,0,0,0,0,1,0,0,1,0,0,1,0,0,0,0,0,0,1,0,0,2,0,1,0,1,0,1,0,1,0,0,1,1,1,1,0,0,0,0,0,0,1,0,1,1,0,0,0,0,0,1,0,2,1,0,0,0,1,0,0,0,0,1,0,1,0,0,0,0,0,0,0,0,0,1,0,0,0,1,0,0,1,0,0,0,0
33,2,0,0,2,0,1,0,1,2,0,0,0,0,1,0,0,0,0,1,2,1,0,0,0,1,2,2,0,0,0,0,0,0,0,0,1,0,0,1,0,0,0,0,0,0,0,1,0,0,1,1,0,0,1,0,1,0,2,0,1,0,0,0,0,1,0,0,0,1,0,0,0,1,1,0,1,1,0,0,0,0,1,0,0,2,1,0,1,1,0,1,0,0,0,0,1,0,0,0,0
34,1,0,0,1,0,0,0,2,1,0,0,0,0,0,0,0,0,1,1,0,0,2,0,0,1,0,2,0,0,0,0,0,0,0,2,1,2,0,0,0,0,0,1,0,1,0,2,2,1,0,0,0,2,1,0,2,0,0,0,0,0,0,0,0,1,0,0,0,0,0,0,0,1,0,1,0,0,0,0,0,0,0,0,0,0,1,0,1,0,0,0,0,0,0,0,1,0,1,0,0
35,0,0,1,0,0,1,1,2,0,1,1,0,0,0,0,0,0,1,0,2,0,1,0,0,1,2,1,0,0,0,1,0,1,0,0,0,0,1,2,0,0,0,0,0,1,0,2,0,0,1,0,0,0,0,0,0,0,0,2,0,1,1,0,0,1,0,2,0,2,0,1,0,1,1,0,1,0,0,1,1,0,1,0,0,0,2,0,1,0,0,0,0,0,0,0,1,0,1,0,0
36,1,1,0,1,0,1,1,0,0,1,0,0,0,1,1,0,1,1,0,1,0,2,0,0,0,2,0,2,1,1,0,0,0,2,0,0,2,1,0,0,0,0,0,0,1,1,2,1,1,1,0,0,0,0,0,1,0,1,0,1,0,0,2,1,1,1,0,0,0,1,0,1,0,0,0,1,1,0,0,0,0,0,0,0,1,1,0,1,1,0,0,1,2,0,0,0,0,1,0,1
37,2,0,0,0,0,1,0,1,0,2,1,0,0,0,1,0,1,0,1,0,0,1,0,0,1,0,0,0,0,1,0,0,0,2,0,2,1,0,1,0,0,0,0,0,0,1,1,2,0,1,0,1,0,1,0,2,0,2,0,1,1,1,0,0,1,2,0,0,0,0,0,1,2,0,0,1,1,0,0,0,0,0,0,1,0,0,0,0,2,0,0,0,0,0,0,1,0,2,0,1
38,0,0,0,2,0,1,0,1,1,1,0,1,0,0,0,0,1,1,0,0,0,0,0,0,0,0,1,1,1,0,0,0,0,0,1,0,1,0,0,0,0,0,0,0,1,1,0,0,1,2,0,1,1,0,0,1,0,2,0,0,0,2,0,1,0,0,2,1,0,0,0,1,0,2,1,1,1,0,0,0,0,2,0,0,0,0,1,0,1,0,0,0,2,0,0,0,0,2,0,0
39,0,0,0,0,0,1,0,0,0,0,0,1,0,1,0,0,0,0,0,0,0,1,0,0,0,0,0,1,0,0,1,1,0,0,1,0,2,0,0,0,0,0,1,0,1,1,1,0,1,1,0,1,0,0,0,0,0,0,0,2,1,0,1,0,0,1,2,0,1,0,0,0,1,2,1,0,1,0,1,0,0,0,0,0,0,0,1,0,1,0,0,1,1,0,0,0,0,0,0,1
40,0,0,0,2,0,1,0,0,0,0,2,0,1,1,0,0,0,0,0,0,0,1,0,0,2,2,0,1,0,0,1,0,0,0,1,0,0,0,1,0,0,0,0,0,0,1,0,0,1,0,2,1,0,0,0,1,2,2,0,1,1,2,0,1,0,0,1,0,0,0,2,0,1,2,0,1,2,0,1,0,0,0,1,0,0,1,1,2,0,1,0,1,1,0,0,0,0,0,0,0
41,0,0,0,0,0,1,0,1,0,1,2,0,0,0,1,0,0,0,0,0,0,0,0,0,1,0,0,0,1,1,0,0,0,1,1,1,0,0,0,0,0,0,1,0,0,0,0,0,1,0,0,1,0,0,0,2,0,0,1,1,0,0,2,1,0,0,0,1,1,0,0,1,0,0,0,1,2,0,0,1,0,0,0,1,0,0,0,1,1,0,1,1,0,0,0,0,0,0,0,1
42,0,0,0,1,0,1,1,2,0,0,1,1,0,2,1,0,0,0,0,1,0,1,0,0,0,0,2,0,0,0,1,0,0,0,1,0,0,0,0,0,0,0,0,0,0,2,1,1,2,1,0,1,0,0,0,1,0,0,2,2,1,0,0,0,0,0,0,0,0,0,0,1,0,2,0,1,1,0,1,0,0,0,0,1,0,1,0,2,1,0,0,0,1,0,0,1,0,1,2,0
43,2,1,0,0,0,2,0,1,0,2,1,0,0,0,0,0,0,0,0,0,0,1,0,0,1,2,1,0,0,1,0,0,0,0,2,1,0,0,1,0,0,0,0,0,1,0,0,0,1,0,0,1,2,0,0,0,0,0,1,0,1,2,0,0,2,0,1,1,0,1,0,0,1,1,0,1,1,0,1,0,0,2,0,0,0,1,0,0,0,1,0,0,0,0,0,0,0,0,0,0
44,2,1,0,0,0,1,0,1,2,0,2,0,1,1,1,0,0,0,1,2,1,0,0,0,0,0,0,0,0,1,0,1,0,2,0,1,2,0,0,0,0,0,0,0,1,1,1,1,1,1,0,1,0,1,0,1,0,2,0,2,2,2,0,2,0,1,1,0,1,0,0,1,1,1,0,0,1,0,0,0,0,0,0,0,2,1,1,2,0,0,0,1,1,0,0,1,0,0,2,1
45,1,0,0,0,0,2,0,1,0,0,0,0,0,1,0,0,0,0,0,0,0,0,0,0,0,0,2,1,0,1,0,0,0,0,2,0,0,1,1,0,0,0,0,0,0,1,0,0,0,1,0,0,0,0,0,1,0,0,0,0,1,0,0,0,0,0,1,0,2,0,0,0,1,0,0,0,2,0,1,1,0,0,0,2,0,0,0,0,2,0,0,0,0,0,0,1,0,0,0,1
46,1,0,0,0,0,2,0,2,2,2,0,0,1,0,0,0,0,1,1,0,0,0,0,0,1,0,1,2,0,1,0,1,0,1,0,1,2,0,1,0,0,0,0,0,1,1,2,1,0,0,0,1,0,1,0,1,0,2,0,0,2,1,0,2,2,0,2,0,1,0,1,1,1,1,1,0,1,0,1,0,0,1,0,0,0,1,0,0,0,0,0,0,0,0,0,0,0,0,2,1
47,1,1,0,0,0,2,1,2,0,2,1,1,1,0,0,0,0,0,0,0,0,1,0,0,0,0,1,0,0,0,0,1,0,0,1,0,1,0,1,0,0,0,1,0,1,1,0,1,0,0,1,0,1,0,0,0,0,1,2,0,1,0,0,2,0,1,1,2,0,0,0,1,1,1,0,0,1,0,0,2,0,0,1,0,1,1,0,2,0,0,1,1,1,0,0,0,0,0,0,0
48,1,0,0,1,0,2,0,0,1,1,1,0,0,0,0,0,0,0,0,0,0,1,0,0,1,2,0,0,0,0,0,0,0,1,1,1,0,1,1,0,0,0,0,0,1,1,1,0,1,0,2,0,2,0,0,1,2,1,0,1,0,1,0,0,2,1,2,0,2,0,0,0,1,2,1,2,1,0,0,0,0,0,1,2,0,0,1,1,0,0,0,0,0,0,0,0,0,2,0,1
49,1,0,0,1,0,1,1,2,0,0,1,1,1,0,0,0,0,0,0,0,0,2,0,0,0,0,1,1,0,0,0,0,0,0,2,1,0,0,2,0,0,0,0,0,0,2,1,1,0,0,0,1,0,0,0,0,0,0,2,0,0,1,0,0,2,0,2,2,1,0,0,1,2,0,0,0,1,0,0,1,0,0,0,0,0,1,0,1,1,0,0,0,1,0,0,1,0,0,0,0
50,0,0,0,1,0,1,0,1,2,0,1,1,1,0,0,0,0,0,1,1,0,2,0,0,1,0,0,1,0,0,0,1,1,2,0,1,2,1,0,0,1,0,0,0,0,0,1,1,0,1,0,0,0,1,0,0,0,0,0,0,2,1,0,1,0,1,1,1,1,0,0,0,1,0,0,0,1,0,0,0,0,1,0,2,0,0,1,2,0,2,0,1,2,0,0,0,0,0,2,0
51,1,0,0,1,0,1,0,0,1,2,2,0,1,0,0,0,0,0,1,0,0,0,0,0,0,0,0,0,1,0,0,1,0,1,2,1,1,1,2,0,0,0,0,0,0,1,0,0,0,0,0,1,0,0,0,1,0,0,0,1,0,0,2,0,0,1,2,0,1,0,0,0,0,2,0,0,1,0,0,1,0,2,0,0,0,0,0,2,1,0,0,1,2,0,0,0,0,0,0,1
52,0,0,1,2,0,1,2,2,2,1,1,1,1,1,0,0,1,0,0,0,1,0,0,0,1,0,0,1,0,0,1,0,0,1,0,1,2,0,1,0,1,0,0,0,1,1,0,0,2,2,0,1,0,1,0,1,0,0,1,0,2,0,0,0,0,0,2,1,1,0,1,1,2,2,1,2,0,0,1,0,0,1,0,1,0,0,0,2,0,0,1,0,2,0,0,1,0,2,2,0
53,1,0,0,1,0,1,1,2,2,0,1,1,1,0,0,0,0,0,0,0,0,1,0,0,0,0,1,2,0,0,2,0,0,0,0,1,0,0,0,0,0,0,0,0,0,2,1,1,1,0,1,1,0,0,0,1,0,2,2,0,2,0,0,2,0,0,1,1,1,1,0,0,1,2,0,2,1,0,1,0,0,0,1,0,2,0,0,1,0,0,0,0,1,0,0,0,0,0,2,1
54,1,0,1,0,0,2,0,0,1,0,2,0,0,1,0,0,0,0,1,0,1,2,0,0,1,2,1,0,0,1,1,0,0,1,1,0,1,0,1,0,0,0,0,0,0,1,0,0,0,0,1,1,0,1,0,0,0,0,0,0,0,1,1,2,0,0,1,1,0,0,1,0,1,0,2,1,1,0,0,1,0,0,0,0,1,0,0,2,1,0,0,0,0,0,0,0,0,1,0,1
55,1,1,1,0,0,0,0,1,2,0,0,0,0,0,1,0,1,0,0,0,0,0,0,0,0,2,0,0,0,0,0,0,0,1,1,0,0,0,1,0,0,0,0,0,1,1,1,0,1,0,2,0,0,0,0,1,2,1,1,2,0,1,2,0,2,0,1,1,1,0,2,1,1,1,0,0,1,0,0,0,0,1,0,2,2,1,1,0,0,1,1,1,0,0,0,0,0,0,0,0
56,1,0,0,1,0,0,1,0,1,0,1,0,0,0,1,0,0,0,1,1,0,1,0,0,0,0,0,0,0,0,1,0,0,2,0,0,0,0,0,0,0,0,0,0,0,1,0,0,1,1,0,1,1,0,0,2,0,2,0,1,0,2,0,0,0,1,0,2,0,0,0,1,0,0,0,0,2,0,0,0,0,0,1,1,0,0,0,0,1,1,1,1,2,0,0,0,0,0,0,0
57,0,0,0,1,0,2,0,1,2,1,0,0,0,0,1,0,0,0,0,0,0,2,0,0,0,0,0,0,0,0,1,1,0,0,0,1,0,0,0,0,0,0,0,0,0,0,1,0,1,0,0,0,0,0,0,1,0,0,0,1,2,0,0,2,0,0,1,0,1,0,0,1,1,2,1,0,1,0,1,1,0,0,0,2,2,2,1,0,0,0,0,0,1,0,0,1,0,0,2,0
58,2,1,0,2,0,2,0,2,1,0,0,1,0,1,0,0,0,0,1,0,0,1,0,0,1,0,2,0,0,0,0,0,0,0,1,0,0,0,0,0,0,0,1,0,1,1,1,0,0,1,0,1,0,1,0,1,0,0,0,2,1,0,0,2,0,1,0,1,1,0,0,0,1,1,1,1,0,0,1,0,0,0,0,0,1,0,0,0,0,1,1,1,1,0,0,0,0,1,2,0
59,1,1,0,0,0,0,0,2,0,0,1,0,1,1,0,0,1,0,0,0,1,0,0,0,1,0,1,1,0,0,0,0,1,0,0,0,0,0,0,0,0,0,0,0,1,2,0,2,1,0,1,1,1,0,0,1,0,2,2,0,0,0,2,0,0,1,1,0,1,0,0,0,0,1,2,1,0,0,0,2,0,0,1,0,0,0,0,2,2,1,1,1,1,0,0,0,0,0,0,1
